Workbook

Sheet Zoid
D2: =ifs(C7="Base",VLOOKUP(C4,Zoid_DB[],73,FALSE()),C7="Red",VLOOKUP(C4,Zoid_DB[],74,FALSE()),C7="Green",VLOOKUP(C4,Zoid_DB[],75,FALSE()),C7="Blue",VLOOKUP(C4,Zoid_DB[],76,FALSE()),C7="White",VLOOKUP(C4,Zoid_DB[],77,FALSE()),C7="Black",VLOOKUP(C4,Zoid_DB[],78,FALSE()),C7="Purple",VLOOKUP(C4,Zoid_DB[],79,FALSE()),C7="Brown",VLOOKUP(C4,Zoid_DB[],80,FALSE())) -> #NAME?
A3: Rest: | B3: Pilot Name: | C3: INSERT NAME | H3: =IF(C4="Gustav", "Gustav Trailer Type:", "") | I3: - - - - - -
A4: =FALSE() -> FALSE | B4: Zoid: | C4: Saberlion | H4: =IF(C4="Hover Cargo", "Cargo Unit Type:", "") | I4: - - - - - -
A5: Repair: | B5: Type: | C5: =VLOOKUP(C4,Zoid_DB[],3,FALSE()) -> Lion | H5: =IF(C4="Hover Cargo", "Cargo Unit Type:", "") | I5: - - - - - -
A6: =FALSE() -> FALSE | B6: Size: | C6: =VLOOKUP(C4,Zoid_DB[],4,FALSE()) -> Small | H6: =IF(C4="Whale King", "Cargo Unit Type:", "") | I6: - - - - - -
B7: Color: | C7: Base | H7: =IF(C4="Whale King", "Cargo Unit Type:", "") | I7: - - - - - -
B8: Level Required: | C8: =VLOOKUP(C4,Zoid_DB[],5,FALSE()) -> 3 | H8: =IF(C4="Whale King", "Cargo Unit Type:", "") | I8: - - - - - -
B9: Pilot Level: | C9: 1 | H9: =IF(C4="Whale King", "Cargo Unit Type:", "") | I9: - - - - - -
B10: Bonus Levels: | C10: =ifs( ISNUMBER(SEARCH(C5, Pilot!B14)), VLOOKUP(Pilot!B14,Skills[],3,FALSE()), ISNUMBER(SEARCH(C5, Pilot!B18)), VLOOKUP(Pilot!B18,Skills[],3,FALSE()), ISNUMBER(SEARCH(C5, Pilot!B22)), VLOOKUP(Pilot!B22,Skills[],3,FALSE()), ISNUMBER(SEARCH(C5, Pilot!B26)), VLOOKUP(Pilot!B26,Skills[],3,FALSE()), ISNUMBER(SEARCH(C5, Pilot!B30)), VLOOKUP(Pilot!B30,Skills[],3,FALSE()), ISNUMBER(SEARCH(C5, Pilot!B34)), VLOOKUP(Pilot!B34,Skills[],3,FALSE()), TRUE(), 0 ) -> #NAME?
B11: Pilot Style: | C11: FIGHTER
B12: STATS | C12: BASE | D12: WITH PILOT TOTAL | E12: CURRENT | F12: SHIELDS | G12: Damage to Shields
D13: =IFERROR(__xludf.dummyfunction("IFERROR(SPARKLINE(E14, {""charttype"", ""bar""; ""max"", D14; ""color1"", IF(E14 < D14*0.25, ""red"", IF(E14 < D14*0.5, ""yellow"", ""green""))}), """")"),"") | F13: =IFERROR(__xludf.dummyfunction("IFERROR(SPARKLINE(F14-G14, {""charttype"", ""bar""; ""max"", F14; ""color1"", IF(F14-G14=0, ""white"", IF((F14-G14) < F14*0.25, ""red"", IF((F14-G14) < F14*0.5, ""yellow"", ""blue""))) }), """")"),"")
B14: Health: | C14: =VLOOKUP(C4,Zoid_DB[],6,FALSE()) -> 90 | D14: =ROUND(C14+(C14* 'Dashboard (DO NOT TOUCH)'!C3),0) -> 144 | E14: 144 | F14: =ROUND( IF(OR(ISNUMBER(SEARCH("Passive", D50)), A47=TRUE()), VLOOKUP(C47,Armaments[],14,FALSE()), 0) + IF(OR(ISNUMBER(SEARCH("Passive", D57)), A54=TRUE()), VLOOKUP(C54,Armaments[],14,FALSE()), 0) + IF(OR(ISNUMBER(SEARCH("Passive", D64)), A61=TRUE()), VLOOKUP(C61,Armaments[],14,FALSE()), 0) + IF(OR(ISNUMBER(SEARCH("Passive", D71)), A68=TRUE()), VLOOKUP(C68,Armaments[],14,FALSE()), 0) + IF(A25=TRUE(), VLOOKUP(C4,Zoid_DB[],24,FALSE()), 0) + IF(A30=TRUE(), VLOOKUP(C4,Zoid_DB[],35,FALSE()), 0) + IF(A35=TRUE(), VLOOKUP(B78,Skills[],12,FALSE()), 0) + IF(A40=TRUE(), 'Dashboard (DO NOT TOUCH)'!G23, 0) + IF(G17=TRUE(), 'Dashboard (DO NOT TOUCH)'!G25, 0) - H14 ,0) -> 0 | G14: 0
B15: Armor (to get Hit): | C15: =VLOOKUP(C4,Zoid_DB[],7,FALSE()) -> 18 | D15: =ROUND(C15* 'Dashboard (DO NOT TOUCH)'!C4 +C15,0) -> 21 | E15: =ROUND(ifs( OR( ISNUMBER(SEARCH("Passive", C51)), A47=TRUE(), ISNUMBER(SEARCH("Passive", C58)), A54=TRUE(), ISNUMBER(SEARCH("Passive", C65)), A61=TRUE(), ISNUMBER(SEARCH("Passive", C73)), A68=TRUE() ), D15+VLOOKUP(C47,Armaments[],7,FALSE())+VLOOKUP(C54,Armaments[],7,FALSE())+VLOOKUP(C61,Armaments[],7,FALSE())+VLOOKUP(C68,Armaments[],7,FALSE()), TRUE(), D15) ,0) -> #NAME? | F15: Defense Up | G15: Defense Down
B16: Defense (damage blocked): | C16: =VLOOKUP(C4,Zoid_DB[],8,FALSE())+('Zoid Upgrades'!D5) -> #NAME? | D16: =C16 -> #NAME? | E16: =ROUND( IF( OR( ISNUMBER(SEARCH("Passive", C51)), A47=TRUE(), ISNUMBER(SEARCH("Passive", C58)), A54=TRUE(), ISNUMBER(SEARCH("Passive", C65)), A61=TRUE(), ISNUMBER(SEARCH("Passive", C72)), A68=TRUE() ), D16+VLOOKUP(C47,Armaments[],6,FALSE())+VLOOKUP(C54,Armaments[],6,FALSE())+VLOOKUP(C61,Armaments[],6,FALSE())+VLOOKUP(C68,Armaments[],6,FALSE())+VLOOKUP(B78,Skills[],13,FALSE())+VLOOKUP(B80,Skills[],13,FALSE())+VLOOKUP(B82,Skills[],13,FALSE())+VLOOKUP(B84,Skills[],13,FALSE())+VLOOKUP(B86,Skills[],13,FALSE())+VLOOKUP(B88,Skills[],13,FALSE())+ F16-G16, D16+F16-G16 ) + VLOOKUP(Pilot!B14,Skills[],15,FALSE()) + VLOOKUP(Pilot!B18,Skills[],15,FALSE()) + VLOOKUP(Pilot!B22,Skills[],15,FALSE()) + VLOOKUP(Pilot!B26,Skills[],15,FALSE()) + VLOOKUP(Pilot!B30,Skills[],15,FALSE()) + VLOOKUP(Pilot!B34,Skills[],15,FALSE()), 0) -> #NAME?
B17: Speed: | C17: =ROUNDUP(ifs(C21>C20,VLOOKUP(C4,Zoid_DB[],9,FALSE())*0.6,C10+C9<C8,VLOOKUP(C4,Zoid_DB[],9,FALSE())*0.6,C10+C9>=C8,VLOOKUP(C4,Zoid_DB[],9,FALSE())),0)+('Zoid Upgrades'!D3) -> #NAME? | D17: =ROUND(C17+('Dashboard (DO NOT TOUCH)'!D23*C17),0) -> #NAME? | E17: =D17+'Dashboard (DO NOT TOUCH)'!H11 -> #NAME? | F17: Organoid: | G17: =FALSE() -> FALSE
B18: Reaction: | C18: =ROUNDUP(ifs(C21>C20, VLOOKUP(C4,Zoid_DB[],10,FALSE())*0.6,C9+C10<C8,VLOOKUP(C4,Zoid_DB[],10,FALSE())*0.6,C9+C10>=C8,VLOOKUP(C4,Zoid_DB[],10,FALSE())),0)+('Zoid Upgrades'!D4) -> #NAME? | D18: =ROUND(C18* 'Dashboard (DO NOT TOUCH)'!C5 +C18,0) +Pilot!C5 -> #NAME? | E18: =ROUND(ifs( OR( ISNUMBER(SEARCH("Passive", C51)), A47=TRUE(), ISNUMBER(SEARCH("Passive", C58)), A54=TRUE(), ISNUMBER(SEARCH("Passive", C65)), A61=TRUE(), ISNUMBER(SEARCH("Passive", c72.)), A68=TRUE(), A25=TRUE(), A30=TRUE(), A35=TRUE(), A40=TRUE() ), D18+VLOOKUP(C47,Armaments[],10,FALSE())+VLOOKUP(C54,Armaments[],10,FALSE())+VLOOKUP(C61,Armaments[],10,FALSE())+VLOOKUP(C68,Armaments[],10,FALSE())+VLOOKUP(C4,Zoid_DB[],27,FALSE())+VLOOKUP(C4,Zoid_DB[],38,FALSE()), TRUE(), D18+VLOOKUP(B78,Skills[],10,FALSE())+VLOOKUP(B80,Skills[],10,FALSE())+VLOOKUP(B82,Skills[],10,FALSE())+VLOOKUP(B84,Skills[],10,FALSE())+VLOOKUP(B86,Skills[],10,FALSE())+VLOOKUP(B88,Skills[],10,FALSE())) ,0) -> #NAME? | F18: Level: | G18: 1
B19: Range: | C19: =VLOOKUP(C4,Zoid_DB[],11,FALSE()) -> 500 | D19: =C19* 'Dashboard (DO NOT TOUCH)'!C6 +C19 -> 625 | E19: =(D19+'Dashboard (DO NOT TOUCH)'!H12) -> 625 | F19: Color: | G19: Black
B20: Carry Capacity | C20: =VLOOKUP(C4,Zoid_DB[],12,FALSE())+('Zoid Upgrades'!D6) -> #NAME? | E20: Standard Weapon Range:
B21: Current Carry Load | C21: =SUM(VLOOKUP(C47,Armaments[],12,FALSE()),VLOOKUP(C61,Armaments[],12,FALSE()), VLOOKUP(C54,Armaments[],12,FALSE()), VLOOKUP(C68,Armaments[],12,FALSE())) -> 0 | E21: =D19/2 -> 312.5
B23: ACTIONS
C24: FIXED WEAPONS
A25: =FALSE() -> FALSE | B25: Weapon 1 | C25: =VLOOKUP(C4,Zoid_DB[],13,FALSE()) -> High Frequency Wave Claw: | D25: ="To Hit: " & ROUNDUP(ifs(C21>C20, VLOOKUP(C4,Zoid_DB[],17,FALSE())*0.6,C20>=C21,VLOOKUP(C4,Zoid_DB[],17,FALSE())),0)+('Zoid Upgrades'!D13) -> #NAME? | E25: ="To Hit With Pilot: " & ROUND(ROUNDUP(ifs(C21>C20, VLOOKUP(C4,Zoid_DB[],17,FALSE())*0.6,C20>=C21,VLOOKUP(C4,Zoid_DB[],17,FALSE())),0)*(1+'Dashboard (DO NOT TOUCH)'!B$7) + 'Dashboard (DO NOT TOUCH)'!H$13+ 'Dashboard (DO NOT TOUCH)'!H$14,0) -> #NAME?
C26: ="Damage Type: " & VLOOKUP(C4,Zoid_DB[],16,FALSE()) -> Damage Type: Melee, Slashing | D26: Upgrades to Damage: | F26: ="Attack Roll: " & IF($A$25=TRUE(), RANDBETWEEN(1,20),0) & "(+" & ROUND(ROUNDUP(ifs(C21>C20, VLOOKUP(C4,Zoid_DB[],17,FALSE())*0.6,C20>=C21,VLOOKUP(C4,Zoid_DB[],17,FALSE())),0)*(1+'Dashboard (DO NOT TOUCH)'!B$7) + 'Dashboard (DO NOT TOUCH)'!H$13+ 'Dashboard (DO NOT TOUCH)'!H$14,0)& ")" -> #NAME?
C27: ="Damage: " & VLOOKUP(C4,Zoid_DB[],15,FALSE()) & " +("& ROUND($D$27+((VLOOKUP(C4,Zoid_DB[],15,FALSE()) + $D$27)*'Dashboard (DO NOT TOUCH)'!H$23),0) &")" -> Damage: 35 +(20) | D27: ='Zoid Upgrades'!D12 -> 20
C28: ="Effect: " & VLOOKUP(C4,Zoid_DB[],14,FALSE()) -> Effect: Claw attack. Targets a single opponent. | D28: To Hit Increase: | E28: Speed Increase: | F28: ="Heat: " &VLOOKUP(C4,Zoid_DB[],85,FALSE()) -> Heat: | G28: Vent
C29: ="On/Off: "&VLOOKUP(C4,Zoid_DB[],18,FALSE()) -> On/Off: | D29: Reaction Increase: | E29: Range Increase: | F29: 0 | G29: =FALSE() -> FALSE
A30: =FALSE() -> FALSE | B30: Weapon 2 | C30: =VLOOKUP(C4,Zoid_DB[],19,FALSE()) -> High Frequency Wave Blade: | D30: ="To Hit: " & ROUNDUP(ifs(C21>C20, VLOOKUP(C4,Zoid_DB[],23,FALSE())*0.6,C20>=C21,VLOOKUP(C4,Zoid_DB[],23,FALSE())),0)+('Zoid Upgrades'!D16) -> #NAME? | E30: ="To Hit With Pilot: " & ROUND(ROUNDUP(ifs(C21>C20, VLOOKUP(C4,Zoid_DB[],23,FALSE())*0.6,C20>=C21,VLOOKUP(C4,Zoid_DB[],23,FALSE())),0)*(1+ 'Dashboard (DO NOT TOUCH)'!B$7) + 'Dashboard (DO NOT TOUCH)'!H$13+ 'Dashboard (DO NOT TOUCH)'!H$15,0) -> #NAME?
C31: ="Damage Type: " & VLOOKUP(C4,Zoid_DB[],22,FALSE()) -> Damage Type: Melee, Slashing | D31: Upgrades to Damage: | F31: ="Attack Roll: " & IF($A$30=TRUE(), RANDBETWEEN(1,20),0) & "(+" & ROUND(ROUNDUP(ifs(C21>C20, VLOOKUP(C4,Zoid_DB[],23,FALSE())*0.6,C20>=C21,VLOOKUP(C4,Zoid_DB[],23,FALSE())),0)*(1+ 'Dashboard (DO NOT TOUCH)'!B$7) + 'Dashboard (DO NOT TOUCH)'!H$13+ 'Dashboard (DO NOT TOUCH)'!H$15,0) & ")" -> #NAME?
C32: ="Damage: " & VLOOKUP(C4,Zoid_DB[],21,0) & " +("& ROUND($D$32+((VLOOKUP(C4,Zoid_DB[],21,FALSE()) + $D$32)*'Dashboard (DO NOT TOUCH)'!H$23),0) &")" -> #NAME? | D32: =('Zoid Upgrades'!D15) -> #NAME?
C33: ="Effect: " & VLOOKUP(C4,Zoid_DB[],20,FALSE()) -> Effect: Blade on top of head flips down. Targets a single opponent. | D33: ="To Hit Increase: "&VLOOKUP(C4,Zoid_DB[],26,FALSE()) -> To Hit Increase: | E33: ="Speed Increase: " &VLOOKUP(C4,Zoid_DB[],25,FALSE()) -> Speed Increase: | F33: ="Heat: " &VLOOKUP(C4,Zoid_DB[],86,FALSE()) -> Heat: | G33: Vent
C34: ="On/Off: "&VLOOKUP(C4,Zoid_DB[],29,FALSE()) -> On/Off: | D34: ="Reaction Increase: " & VLOOKUP(C4,Zoid_DB[],27,FALSE()) -> Reaction Increase: | E34: ="Range Increase: " &VLOOKUP(C4,Zoid_DB[],28,FALSE()) -> Range Increase: | F34: 0 | G34: =FALSE() -> FALSE
A35: =FALSE() -> FALSE | B35: Weapon 3 | C35: =VLOOKUP(C4,Zoid_DB[],30,FALSE()) -> Smoke Unit: | D35: =" To Hit: " & ROUNDUP(ifs(C21>C20, VLOOKUP(C4,Zoid_DB[],34,FALSE())*0.6,C20>=C21,VLOOKUP(C4,Zoid_DB[],34,FALSE())),0)+('Zoid Upgrades'!D19) -> #NAME? | E35: ="To Hit With Pilot: " & ROUND(ROUNDUP(ifs(C21>C20, VLOOKUP(C4,Zoid_DB[],34,FALSE())*0.6,C20>=C21,VLOOKUP(C4,Zoid_DB[],34,FALSE())),0)*(1+ 'Dashboard (DO NOT TOUCH)'!B$7) + 'Dashboard (DO NOT TOUCH)'!H$13+ 'Dashboard (DO NOT TOUCH)'!H$16,0) -> #NAME?
C36: ="Damage Type: " & VLOOKUP(C4,Zoid_DB[],33,FALSE()) -> Damage Type: | D36: Upgrades to Damage: | F36: ="Attack Roll: " & IF($A$35=TRUE(), RANDBETWEEN(1,20),0) & "(+" & ROUND(ROUNDUP(ifs(C21>C20, VLOOKUP(C4,Zoid_DB[],34,FALSE())*0.6,C20>=C21,VLOOKUP(C4,Zoid_DB[],34,FALSE())),0)*(1+ 'Dashboard (DO NOT TOUCH)'!B$7) + 'Dashboard (DO NOT TOUCH)'!H$13+ 'Dashboard (DO NOT TOUCH)'!H$16,0) & ")" -> #NAME?
C37: ="Damage: " & VLOOKUP(C4,Zoid_DB[],32,FALSE()) & " +("& ROUND($D$37+((VLOOKUP(C4,Zoid_DB[],32,FALSE()) + $D$37)*'Dashboard (DO NOT TOUCH)'!H$23),0) &")" -> #NAME? | D37: =('Zoid Upgrades'!D18) -> #NAME?
C38: ="Effect: "& VLOOKUP(C4,Zoid_DB[],31,FALSE()) -> Effect: Deploys smoke in a 30m square. While in the smoke attacks have disadvantage against you. Lasts three turns. | D38: ="To Hit Increase: "&VLOOKUP(C4,Zoid_DB[],37,FALSE()) -> To Hit Increase: | E38: ="Speed Increase: " &VLOOKUP(C4,Zoid_DB[],36,FALSE()) -> Speed Increase: | F38: ="Heat: " &VLOOKUP(C4,Zoid_DB[],87,FALSE()) -> Heat: | G38: Vent
C39: ="On/Off: "&VLOOKUP(C4,Zoid_DB[],40,FALSE()) -> On/Off: Active | D39: ="Reaction Increase: " & VLOOKUP(C4,Zoid_DB[],38,FALSE()) -> Reaction Increase: | E39: ="Range Increase: " &VLOOKUP(C4,Zoid_DB[],39,FALSE()) -> Range Increase: | F39: 0 | G39: =FALSE() -> FALSE
A40: =FALSE() -> FALSE | B40: Weapon 4 | C40: =VLOOKUP(C4,Zoid_DB[],41,FALSE()) -> High Frequency Wave Fang: | D40: =" To Hit: " & ROUNDUP(ifs(C21>C20, VLOOKUP(C4,Zoid_DB[],45,FALSE())*0.6,C20>=C21,VLOOKUP(C4,Zoid_DB[],45,FALSE())),0)+('Zoid Upgrades'!D22) -> #NAME? | E40: ="To Hit With Pilot: " & ROUND(ROUNDUP(ifs(C21>C20, VLOOKUP(C4,Zoid_DB[],45,FALSE())*0.6,C20>=C21,VLOOKUP(C4,Zoid_DB[],45,FALSE())),0)*(1+ 'Dashboard (DO NOT TOUCH)'!B$7) + 'Dashboard (DO NOT TOUCH)'!H$13+ 'Dashboard (DO NOT TOUCH)'!H$17,0) -> #NAME?
C41: ="Damage Type: " & VLOOKUP(C4,Zoid_DB[],44,FALSE()) -> Damage Type: Melee, Piercing | D41: Upgrades to Damage: | F41: ="Attack Roll: " & IF($A$40=TRUE(), RANDBETWEEN(1,20),0) & "(+" & ROUND(ROUNDUP(ifs(C21>C20, VLOOKUP(C4,Zoid_DB[],45,FALSE())*0.6,C20>=C21,VLOOKUP(C4,Zoid_DB[],45,FALSE())),0)*(1+ 'Dashboard (DO NOT TOUCH)'!B$7) + 'Dashboard (DO NOT TOUCH)'!H$13+ 'Dashboard (DO NOT TOUCH)'!H$17,0) & ")" -> #NAME?
C42: ="Damage: " & VLOOKUP(C4,Zoid_DB[],43,FALSE()) & " +("& ROUND($D$42+((VLOOKUP(C4,Zoid_DB[],43,FALSE()) + $D$42)*'Dashboard (DO NOT TOUCH)'!H$23),0) &")" -> #NAME? | D42: =('Zoid Upgrades'!D21) -> #NAME?
C43: ="Effect: " & VLOOKUP(C4,Zoid_DB[],42,FALSE()) -> Effect: Bite attack. Targets a single opponent. | D43: To Hit Increase: | E43: Speed: | F43: ="Heat: " &VLOOKUP(C4,Zoid_DB[],88,FALSE()) -> Heat: | G43: Vent
C44: On/Off: | D44: Reaction: | E44: Range: | F44: 0 | G44: =FALSE() -> FALSE
B46: EQUIPMENT SLOTS | C46: REMOVABLE EQUIPMENT
A47: =FALSE() -> FALSE | B47: ="Back: " & VLOOKUP(C4,Zoid_DB[],46,FALSE()) -> Back: Assist | C47: - - - - - | D47: ="To Hit: "& VLOOKUP(C47,Armaments[],5,FALSE()) -> To Hit: | E47: ="To Hit With Pilot: " & ROUND(VLOOKUP(C47,Armaments[],5,FALSE())*(1+ 'Dashboard (DO NOT TOUCH)'!B$7) + 'Dashboard (DO NOT TOUCH)'!H$13+ 'Dashboard (DO NOT TOUCH)'!H$18,0) -> #NAME?
C48: ="Damage Type: "&(VLOOKUP(C47,Armaments[],3,FALSE())) -> Damage Type: | E48: ="Attack Roll: " & IF($A$47=TRUE(), RANDBETWEEN(1,20),0) & " (+" &(ROUND(VLOOKUP(C47,Armaments[],5,FALSE())*(1+ 'Dashboard (DO NOT TOUCH)'!B$7) + 'Dashboard (DO NOT TOUCH)'!H$13+ 'Dashboard (DO NOT TOUCH)'!H$18,0))&")" -> #NAME?
C49: ="Damage: " &(VLOOKUP(C47,Armaments[],2,0)) & " +("& ROUND(VLOOKUP(C47,Armaments[],2,0) * 'Dashboard (DO NOT TOUCH)'!H$23,0)&")" -> Damage: 0 +(0) | D49: ="Weight: " & VLOOKUP(C47,Armaments[],12,FALSE()) -> Weight:
C50: ="Effect: "&(VLOOKUP(C47,Armaments[],4,FALSE())) -> Effect: | D50: ="To Hit Increase: " &(VLOOKUP(C47,Armaments[],8,FALSE())) -> To Hit Increase:
C51: ="On/Off: "&(VLOOKUP(C47,Armaments[],13,FALSE())) -> On/Off: | D51: ="Reaction Increase: " &(VLOOKUP(C47,Armaments[],10,FALSE())) -> Reaction Increase:
C52: ="Defense Increase: " &(VLOOKUP(C47,Armaments[],6,FALSE())) -> Defense Increase: | D52: ="Speed Increase: " &(VLOOKUP(C47,Armaments[],11,FALSE())) -> Speed Increase: | E52: ="Heat: " &VLOOKUP(C47,Armaments[],16,FALSE()) -> Heat: | F52: Vent
C53: ="Armor Increase: " &(VLOOKUP(C47,Armaments[],7,FALSE())) -> Armor Increase: | D53: ="Range Increase: " &(VLOOKUP(C47,Armaments[],9,FALSE())) -> Range Increase: | E53: 0 | F53: =FALSE() -> FALSE
A54: =FALSE() -> FALSE | B54: ="Left: " & VLOOKUP(C4,Zoid_DB[],53,FALSE()) -> Left: Weapon and Assist | C54: - - - - - | D54: ="To Hit: " & VLOOKUP(C54,Armaments[],5,FALSE()) -> To Hit: | E54: ="To Hit With Pilot: " & ROUND(VLOOKUP(C54,Armaments[],5,FALSE())*(1+ 'Dashboard (DO NOT TOUCH)'!B$7) + 'Dashboard (DO NOT TOUCH)'!H$13+ 'Dashboard (DO NOT TOUCH)'!H$19,0) -> #NAME?
C55: ="Damage Type: "&(VLOOKUP(C54,Armaments[],3,FALSE())) -> Damage Type: | E55: ="Attack Roll: " & IF($A$54=TRUE(), RANDBETWEEN(1,20),0) & " (+" &(ROUND(VLOOKUP(C54,Armaments[],5,FALSE())*(1+ 'Dashboard (DO NOT TOUCH)'!B$7) + 'Dashboard (DO NOT TOUCH)'!H$13+ 'Dashboard (DO NOT TOUCH)'!H$19,0))&")" -> #NAME?
C56: ="Damage: " &(VLOOKUP(C54,Armaments[],2,0)) & " +("& ROUND(VLOOKUP(C54,Armaments[],2,0) * 'Dashboard (DO NOT TOUCH)'!H$23,0)&")" -> Damage: 0 +(0) | D56: ="Weight: " & VLOOKUP(C54,Armaments[],12,FALSE()) -> Weight:
C57: ="Effect: "&(VLOOKUP(C54,Armaments[],4,FALSE())) -> Effect: | D57: ="To Hit Increase: "&(VLOOKUP(C54,Armaments[],8,FALSE())) -> To Hit Increase:
C58: ="On/Off: "&(VLOOKUP(C54,Armaments[],13,FALSE())) -> On/Off: | D58: ="Reaction Increase: "&(VLOOKUP(C54,Armaments[],10,FALSE())) -> Reaction Increase:
C59: ="Defense Increase: " &(VLOOKUP(C54,Armaments[],6,FALSE())+((VLOOKUP(C54,Armaments[],6,FALSE())*VLOOKUP(B78,Skills[],13,FALSE())))) -> Defense Increase: 0 | D59: ="Speed Increase: "&(VLOOKUP(C54,Armaments[],11,FALSE())) -> Speed Increase: | E59: ="Heat: " &VLOOKUP(C54,Armaments[],16,FALSE()) -> Heat: | F59: Vent
C60: ="Armor Increase: "&(VLOOKUP(C54,Armaments[],7,FALSE())) -> Armor Increase: | D60: ="Range Increase: "&(VLOOKUP(C54,Armaments[],9,FALSE())) -> Range Increase: | E60: 0 | F60: =FALSE() -> FALSE
A61: =FALSE() -> FALSE | B61: ="Right: " & VLOOKUP(C4,Zoid_DB[],60,FALSE()) -> Right: Weapon and Assist | C61: - - - - - | D61: ="To Hit: "& VLOOKUP(C61,Armaments[],5,FALSE()) -> To Hit: | E61: ="To Hit With Pilot: " & ROUND(VLOOKUP(C61,Armaments[],5,FALSE())*(1+ 'Dashboard (DO NOT TOUCH)'!B$7) + 'Dashboard (DO NOT TOUCH)'!H$13+ 'Dashboard (DO NOT TOUCH)'!H$20,0) -> #NAME?
C62: ="Damage Type: "&(VLOOKUP(C61,Armaments[],3,FALSE())) -> Damage Type: | E62: ="Attack Roll: " & IF($A$61=TRUE(), RANDBETWEEN(1,20),0) & " (+" &(ROUND(VLOOKUP(C61,Armaments[],5,FALSE())*(1+ 'Dashboard (DO NOT TOUCH)'!B$7) + 'Dashboard (DO NOT TOUCH)'!H$13+ 'Dashboard (DO NOT TOUCH)'!H$20,0))&")" -> #NAME?
C63: ="Damage: " &(VLOOKUP(C61,Armaments[],2,FALSE())) & " +("& ROUND(VLOOKUP(C61,Armaments[],2,0) * 'Dashboard (DO NOT TOUCH)'!H$23,0)&")" -> Damage: 0 +(0) | D63: ="Weight: " & VLOOKUP(C61,Armaments[],12,FALSE()) -> Weight:
C64: ="Effect: "&(VLOOKUP(C61,Armaments[],4,FALSE())) -> Effect: | D64: ="To Hit Increase: "&(VLOOKUP(C61,Armaments[],8,FALSE())) -> To Hit Increase:
C65: ="On/Off: "&(VLOOKUP(C61,Armaments[],13,FALSE())) -> On/Off: | D65: ="Reaction Increase: "&(VLOOKUP(C61,Armaments[],10,FALSE())) -> Reaction Increase:
C66: ="Defense Increase: "&(VLOOKUP(C61,Armaments[],6,FALSE())) -> Defense Increase: | D66: ="Speed Increase: "&(VLOOKUP(C61,Armaments[],11,FALSE())) -> Speed Increase: | E66: ="Heat: " &VLOOKUP(C61,Armaments[],16,FALSE()) -> Heat: | F66: Vent
C67: ="Armor Increase: "&(VLOOKUP(C61,Armaments[],7,FALSE())) -> Armor Increase: | D67: ="Range Increase: "&(VLOOKUP(C61,Armaments[],9,FALSE())) -> Range Increase: | E67: 0 | F67: =FALSE() -> FALSE
A68: =FALSE() -> FALSE | B68: ="Chest: " & VLOOKUP(C4,Zoid_DB[],65,FALSE()) -> Chest: Assist | C68: - - - - - | D68: ="To Hit: " & VLOOKUP(C68,Armaments[],5,FALSE()) -> To Hit: | E68: ="To Hit With Pilot: " & ROUND(VLOOKUP(C68,Armaments[],5,FALSE())*(1+ 'Dashboard (DO NOT TOUCH)'!B$7) + 'Dashboard (DO NOT TOUCH)'!H$13+ 'Dashboard (DO NOT TOUCH)'!H$21,0) -> #NAME?
C69: ="Damage Type: "&(VLOOKUP(C68,Armaments[],3,FALSE())) -> Damage Type: | E69: ="Attack Roll: " & IF($A$68=TRUE(), RANDBETWEEN(1,20),0) & " (+" &(ROUND(VLOOKUP(C68,Armaments[],5,FALSE())*(1+ 'Dashboard (DO NOT TOUCH)'!B$7) + 'Dashboard (DO NOT TOUCH)'!H$13+ 'Dashboard (DO NOT TOUCH)'!H$21,0))&")" -> #NAME?
C70: ="Damage: " &(VLOOKUP(C68,Armaments[],2,FALSE())) & " +("& ROUND(VLOOKUP(C68,Armaments[],2,0) * 'Dashboard (DO NOT TOUCH)'!H$23,0)&")" -> Damage: 0 +(0) | D70: ="Weight: " & VLOOKUP(C68,Armaments[],12,FALSE()) -> Weight:
C71: ="Effect: "&(VLOOKUP(C68,Armaments[],4,FALSE())) -> Effect: | D71: ="To Hit Increase: "&(VLOOKUP(C68,Armaments[],8,FALSE())) -> To Hit Increase:
C72: ="On/Off: "&(VLOOKUP(C68,Armaments[],13,FALSE())) -> On/Off: | D72: ="Reaction Increase: "&(VLOOKUP(C68,Armaments[],10,FALSE())) -> Reaction Increase:
C73: ="Defense Increase: "&(VLOOKUP(C68,Armaments[],6,FALSE())) -> Defense Increase: | D73: ="Speed Increase: "&(VLOOKUP(C68,Armaments[],11,FALSE())) -> Speed Increase: | E73: ="Heat: " &VLOOKUP(C68,Armaments[],16,FALSE()) -> Heat: | F73: Vent
C74: ="Armor Increase: "&(VLOOKUP(C68,Armaments[],7,FALSE())) -> Armor Increase: | D74: ="Range Increase: "&(VLOOKUP(C68,Armaments[],9,FALSE())) -> Range Increase: | E74: 0 | F74: =FALSE() -> FALSE
B76: Abilities | C76: Description
A78: Skill 1 | B78: =Pilot!B14 -> Lion Type 1 | C78: =Pilot!D14 -> Increases the pilots level by 5 while piloting the corresponding Zoid type.
A80: Skill 2 | B80: =Pilot!B18 -> - - - - - - - - - - | C80: =Pilot!D18 -> - - - - - - - - - - -
A82: Skill 3 | B82: =Pilot!B22 -> - - - - - - - - - - | C82: =Pilot!D22 -> - - - - - - - - - - -
A84: Skill 4 | B84: =Pilot!B26 -> - - - - - - - - - - | C84: =Pilot!D26 -> - - - - - - - - - - -
A86: Skill 5 | B86: =Pilot!B30 -> - - - - - - - - - - | C86: =Pilot!D30 -> - - - - - - - - - - -
A88: Skill 6 | B88: =Pilot!B34 -> - - - - - - - - - - | C88: =Pilot!D34 -> - - - - - - - - - - -

Sheet Pilot
B3: Name: | C3: =Zoid!C3 -> INSERT NAME | D3: Level: | E3: =Zoid!C9 -> 1 | G3: Inventory | H3: Gold:
B4: Physical: | C4: 2
B5: Mental: | C5: 3
B6: Social: | C6: 1
B7: Personality: | C7: =Zoid!G19 -> Black
B8: Zoid Pilot Style: | C8: =Zoid!C11 -> FIGHTER
B9: Current Zoid: | C9: =Zoid!C4 -> Saberlion
B13: ZOID ABILITIES | G13: INACTIVE ABILITIES | J13: Zi Database
B14: Lion Type 1 | D14: =VLOOKUP(B14,Skills[],2,FALSE()) -> Increases the pilots level by 5 while piloting the corresponding Zoid type.
D15: ="Levels: " & VLOOKUP(B14,Skills[],3,FALSE()) -> Levels: 5
D16: ="Zoid Stat Bonus: " -> Zoid Stat Bonus:
B18: - - - - - - - - - - | D18: =VLOOKUP(B18,Skills[],2,FALSE()) -> - - - - - - - - - - -
D19: ="Levels: " & VLOOKUP(B18,Skills[],3,FALSE()) -> Levels: 0
B22: - - - - - - - - - - | D22: =VLOOKUP(B22,Skills[],2,FALSE()) -> - - - - - - - - - - -
D23: ="Levels: " & VLOOKUP(B22,Skills[],3,FALSE()) -> Levels: 0
B26: - - - - - - - - - - | D26: =VLOOKUP(B26,Skills[],2,FALSE()) -> - - - - - - - - - - -
D27: ="Levels: " & VLOOKUP(B26,Skills[],3,FALSE()) -> Levels: 0
B30: - - - - - - - - - - | D30: =VLOOKUP(B30,Skills[],2,FALSE()) -> - - - - - - - - - - -
D31: ="Levels: " & VLOOKUP(B30,Skills[],3,FALSE()) -> Levels: 0
B34: - - - - - - - - - - | D34: =VLOOKUP(B34,Skills[],2,FALSE()) -> - - - - - - - - - - -
D35: ="Levels: " & VLOOKUP(B34,Skills[],3,FALSE()) -> Levels: 0
B40: Feats
B41: - - - - - - | C41: =VLOOKUP(B41, Feats[], 2, FALSE()) -> - - - - - -
B42: - - - - - - | C42: =VLOOKUP(B42, Feats[], 2, FALSE()) -> - - - - - -
B43: - - - - - - | C43: =VLOOKUP(B43, Feats[], 2, FALSE()) -> - - - - - -
B44: - - - - - - | C44: =VLOOKUP(B44, Feats[], 2, FALSE()) -> - - - - - -
B45: - - - - - - | C45: =VLOOKUP(B45, Feats[], 2, FALSE()) -> - - - - - -
B46: - - - - - - | C46: =VLOOKUP(B46, Feats[], 2, FALSE()) -> - - - - - -
B47: - - - - - - | C47: =VLOOKUP(B47, Feats[], 2, FALSE()) -> - - - - - -

Sheet Zoid Upgrades
D1: Zoid: | E1: Saberlion | F1: Berserk Fury | G1: Liger Zero | H1: Zoid 4 | I1: Zoid 5 | J1: Zoid 6 | K1: Zoid 7 | L1: Zoid 8
A2: Zoid Upgrades | B2: 5000x | C2: Points (X/5) | D2: Total Bonus
A3: Speed | B3: +30/point | D3: =ifs(Zoid!C4 = E1, E3, Zoid!C4 = F1, F3, Zoid!C4 = G1, G3, Zoid!C4 = H1, H3, Zoid!C4 = I1, I3, Zoid!C4 = J1, J3, Zoid!C4 = K1, K3, Zoid!C4 = L1, L3) -> #NAME?
A4: Reaction | B4: +1/point | D4: =ifs(Zoid!C4 = E1, E4, Zoid!C4 = F1, F4, Zoid!C4 = G1, G4, Zoid!C4 = H1, H4, Zoid!C4 = I1, I4, Zoid!C4 = J1, J4, Zoid!C4 = K1, K4, Zoid!C4 = L1, L4) -> #NAME?
A5: Defense | B5: +5/point | D5: =ifs(Zoid!C4 = E1, E5, Zoid!C4 = F1, F5, Zoid!C4 = G1, G5, Zoid!C4 = H1, H5, Zoid!C4 = I1, I5, Zoid!C4 = J1, J5, Zoid!C4 = K1, K5, Zoid!C4 = L1, L5) -> #NAME?
A6: Weapon Weight | B6: +10/point | D6: =ifs(Zoid!C4 = E1, E6, Zoid!C4 = F1, F6, Zoid!C4 = G1, G6, Zoid!C4 = H1, H6, Zoid!C4 = I1, I6, Zoid!C4 = J1, J6, Zoid!C4 = K1, K6, Zoid!C4 = L1, L6) -> #NAME?
A8: Max 5 points in each slot
A10: Fixed Weapons | B10: 10,000x | C10: Point (X/5) | D10: Total Bonus | E10: Weapon Name | F10: Only Weapons can be upgrade, not other units like an Energy Shield or Smoke Unit
E11: =VLOOKUP(E1,Zoid_DB[],13,FALSE()) -> High Frequency Wave Claw: | F11: =VLOOKUP(F1,Zoid_DB[],13,FALSE()) -> Buster Claw: | G11: =VLOOKUP(G1,Zoid_DB[],13,FALSE()) -> Shock Cannon: | H11: =VLOOKUP(H1,Zoid_DB[],13,FALSE()) -> #N/A | I11: =VLOOKUP(I1,Zoid_DB[],13,FALSE()) -> #N/A | J11: =VLOOKUP(J1,Zoid_DB[],13,FALSE()) -> #N/A | K11: =VLOOKUP(K1,Zoid_DB[],13,FALSE()) -> #N/A | L11: =VLOOKUP(L1,Zoid_DB[],13,FALSE()) -> #N/A
A12: F1 Damage | B12: +20/point | D12: =ifs(Zoid!C4 = E1, E12, Zoid!C4 = F1, F12, Zoid!C4 = G1, G12, Zoid!C4 = H1, H12, Zoid!C4 = I1, I12, Zoid!C4 = J1, J12, Zoid!C4 = K1, K12, Zoid!C4 = L1, L12) -> 20 | E12: 20
A13: F1 To Hit | B13: +1/point | D13: =ifs(Zoid!C4 = E1, E13, Zoid!C4 = F1, F13, Zoid!C4 = G1, G13, Zoid!C4 = H1, H13, Zoid!C4 = I1, I13, Zoid!C4 = J1, J13, Zoid!C4 = K1, K13, Zoid!C4 = L1, L13) -> #NAME?
E14: =VLOOKUP(E1,Zoid_DB[],19,FALSE()) -> High Frequency Wave Blade: | F14: =VLOOKUP(F1,Zoid_DB[],19,FALSE()) -> Diffuse Particle Cannon: | G14: =VLOOKUP(G1,Zoid_DB[],19,FALSE()) -> Ion Boosters: | H14: =VLOOKUP(H1,Zoid_DB[],19,FALSE()) -> #N/A | I14: =VLOOKUP(I1,Zoid_DB[],19,FALSE()) -> #N/A | J14: =VLOOKUP(J1,Zoid_DB[],19,FALSE()) -> #N/A | K14: =VLOOKUP(K1,Zoid_DB[],19,FALSE()) -> #N/A | L14: =VLOOKUP(L1,Zoid_DB[],19,FALSE()) -> #N/A
A15: F2 Damage | B15: +20/point | D15: =ifs(Zoid!C4 = E1, E15, Zoid!C4 = F1, F15, Zoid!C4 = G1, G15, Zoid!C4 = H1, H15, Zoid!C4 = I1, I15, Zoid!C4 = J1, J15, Zoid!C4 = K1, K15, Zoid!C4 = L1, L15) -> #NAME?
A16: F2 To Hit | B16: +1/point | D16: =ifs(Zoid!C4 = E1, E16, Zoid!C4 = F1, F16, Zoid!C4 = G1, G16, Zoid!C4 = H1, H16, Zoid!C4 = I1, I16, Zoid!C4 = J1, J16, Zoid!C4 = K1, K16, Zoid!C4 = L1, L16) -> #NAME?
E17: =VLOOKUP(E1,Zoid_DB[],30,FALSE()) -> Smoke Unit: | F17: =VLOOKUP(F1,Zoid_DB[],30,FALSE()) -> Energy Shield: | G17: =VLOOKUP(G1,Zoid_DB[],30,FALSE()) -> Strike Laster Claw: | H17: =VLOOKUP(H1,Zoid_DB[],30,FALSE()) -> #N/A | I17: =VLOOKUP(I1,Zoid_DB[],30,FALSE()) -> #N/A | J17: =VLOOKUP(J1,Zoid_DB[],30,FALSE()) -> #N/A | K17: =VLOOKUP(K1,Zoid_DB[],30,FALSE()) -> #N/A | L17: =VLOOKUP(L1,Zoid_DB[],30,FALSE()) -> #N/A
A18: F3 Damage | B18: +20/point | D18: =ifs(Zoid!C4 = E1, E18, Zoid!C4 = F1, F18, Zoid!C4 = G1, G18, Zoid!C4 = H1, H18, Zoid!C4 = I1, I18, Zoid!C4 = J1, J18, Zoid!C4 = K1, K18, Zoid!C4 = L1, L18) -> #NAME?
A19: F3 To Hit | B19: +1/point | D19: =ifs(Zoid!C4 = E1, E19, Zoid!C4 = F1, F19, Zoid!C4 = G1, G19, Zoid!C4 = H1, H19, Zoid!C4 = I1, I19, Zoid!C4 = J1, J19, Zoid!C4 = K1, K19, Zoid!C4 = L1, L19) -> #NAME?
E20: =VLOOKUP(E1,Zoid_DB[],41,FALSE()) -> High Frequency Wave Fang: | F20: =VLOOKUP(F1,Zoid_DB[],41,FALSE()) -> Strike Laser Claw: | G20: =VLOOKUP(G1,Zoid_DB[],41,FALSE()) -> 0 | H20: =VLOOKUP(H1,Zoid_DB[],41,FALSE()) -> #N/A | I20: =VLOOKUP(I1,Zoid_DB[],41,FALSE()) -> #N/A | J20: =VLOOKUP(J1,Zoid_DB[],41,FALSE()) -> #N/A | K20: =VLOOKUP(K1,Zoid_DB[],41,FALSE()) -> #N/A | L20: =VLOOKUP(L1,Zoid_DB[],41,FALSE()) -> #N/A
A21: F4 Damage | B21: +20/point | D21: =ifs(Zoid!C4 = E1, E21, Zoid!C4 = F1, F21, Zoid!C4 = G1, G21, Zoid!C4 = H1, H21, Zoid!C4 = I1, I21, Zoid!C4 = J1, J21, Zoid!C4 = K1, K21, Zoid!C4 = L1, L21) -> #NAME?
A22: F4 To Hit | B22: +1/point | D22: =ifs(Zoid!C4 = E1, E22, Zoid!C4 = F1, F22, Zoid!C4 = G1, G22, Zoid!C4 = H1, H22, Zoid!C4 = I1, I22, Zoid!C4 = J1, J22, Zoid!C4 = K1, K22, Zoid!C4 = L1, L22) -> #NAME?
A24: Upgrades of the same weapon between CAS Units transfer. Frame upgrades also transfer between CAS units. Be sure to enter upgrades in each field they apply.
A26: This Sheet is set up to track 8 different Zoids (or CAS units)

Sheet Dashboard (DO NOT TOUCH)
A1: Fighting Style | B1: =Zoid!C11 -> FIGHTER | D1: Tank | E1: Fighter | F1: Scout | G1: Almighty
A2: Level | B2: =Zoid!C9+Zoid!C10 -> #NAME?
A3: Health | B3: =IF(B$1="TANK",D3,IF(B$1="FIGHTER",E3,IF(B$1="SCOUT",F3,IF(B$1="ALMIGHTY",G3,"Titties")))) -> #NAME? | C3: =IFERROR(__xludf.dummyfunction("TO_PERCENT( IFS( ISNUMBER(SEARCH(Zoid!C6, VLOOKUP(Pilot!B14, Skills, 4, FALSE))), 'Dashboard (DO NOT TOUCH)'!B3 + VLOOKUP(Pilot!B14, Skills, 5, FALSE), ISNUMBER(SEARCH(Zoid!C6, VLOOKUP(Pilot!B18, Skills, 4, FALSE))), 'Dashboard (DO NOT TOUCH)'"&"!B3 + VLOOKUP(Pilot!B18, Skills, 5, FALSE), ISNUMBER(SEARCH(Zoid!C6, VLOOKUP(Pilot!B22, Skills, 4, FALSE))), 'Dashboard (DO NOT TOUCH)'!B3 + VLOOKUP(Pilot!B22, Skills, 5, FALSE), ISNUMBER(SEARCH(Zoid!C6, VLOOKUP(Pilot!B26, Skills, 4, FALSE))), '"&"Dashboard (DO NOT TOUCH)'!B3 + VLOOKUP(Pilot!B26, Skills, 5, FALSE), ISNUMBER(SEARCH(Zoid!C6, VLOOKUP(Pilot!B30, Skills, 4, FALSE))), 'Dashboard (DO NOT TOUCH)'!B3 + VLOOKUP(Pilot!B30, Skills, 5, FALSE), ISNUMBER(SEARCH(Zoid!C6, VLOOKUP(Pilot!B3"&"4, Skills, 4, FALSE))), 'Dashboard (DO NOT TOUCH)'!B3 + VLOOKUP(Pilot!B34, Skills, 5, FALSE), TRUE, 'Dashboard (DO NOT TOUCH)'!B3 ) + B23 ) "),0.6) -> 0.6 | D3: {=INDEX(TANK[], MATCH('Dashboard (DO NOT TOUCH)'!B2, INDEX(TANK[],,1), 0), MATCH("Health", TANK[#Headers], 0))} -> #NAME? | E3: {=INDEX(FIGHTER[], MATCH('Dashboard (DO NOT TOUCH)'!B2, INDEX(FIGHTER[],,1), 0), MATCH("Health", FIGHTER[#Headers], 0))} -> #NAME? | F3: {=INDEX(SCOUT[], MATCH('Dashboard (DO NOT TOUCH)'!B2, INDEX(SCOUT[],,1), 0), MATCH("Health", SCOUT[#Headers], 0))} -> #NAME? | G3: {=INDEX(ALMIGHTY[], MATCH('Dashboard (DO NOT TOUCH)'!B2, INDEX(ALMIGHTY[],,1), 0), MATCH("Health", ALMIGHTY[#Headers], 0))} -> #NAME?
A4: Armor | B4: =IF(B$1="TANK",D4,IF(B$1="FIGHTER",E4,IF(B$1="SCOUT",F4,IF(B$1="ALMIGHTY",G4,"Titties")))) -> #NAME? | C4: =IFERROR(__xludf.dummyfunction("To_Percent(IFS( ISNUMBER(SEARCH(Zoid!C6, VLOOKUP(Pilot!B14, Skills, 4, FALSE))), 'Dashboard (DO NOT TOUCH)'!B4 + VLOOKUP(Pilot!B14, Skills, 5, FALSE) + VLOOKUP(Pilot!B14, Skills, 6, FALSE) + VLOOKUP(Pilot!B18, Skills, 6, FALSE) + VLOOKUP(Pilot!B22, S"&"kills, 6, FALSE) + VLOOKUP(Pilot!B26, Skills, 6, FALSE) + VLOOKUP(Pilot!B30, Skills, 6, FALSE) + VLOOKUP(Pilot!B34, Skills, 6, FALSE), ISNUMBER(SEARCH(Zoid!C6, VLOOKUP(Pilot!B18 , Skills, 4, FALSE))), 'Dashboard (DO NOT TOUCH)'!B4 + VLOOKUP(Pilot!B18,"&" Skills, 5, FALSE) + VLOOKUP(Pilot!B14, Skills, 6, FALSE) + VLOOKUP(Pilot!B18, Skills, 6, FALSE) + VLOOKUP(Pilot!B22, Skills, 6, FALSE) + VLOOKUP(Pilot!B26, Skills, 6, FALSE) + VLOOKUP(Pilot!B30, Skills, 6, FALSE) + VLOOKUP(Pilot!B34, Skills, 6, FALSE), "&" ISNUMBER(SEARCH(Zoid!C6, VLOOKUP(Pilot!B22, Skills, 4, FALSE))), 'Dashboard (DO NOT TOUCH)'!B4+ VLOOKUP(Pilot!B22, Skills, 5, FALSE) + VLOOKUP(Pilot!B14, Skills, 6, FALSE) + VLOOKUP(Pilot!B18, Skills, 6, FALSE) + VLOOKUP(Pilot!B22, Skills, 6, FALSE) "&"+ VLOOKUP(Pilot!B26, Skills, 6, FALSE) + VLOOKUP(Pilot!B30, Skills, 6, FALSE) + VLOOKUP(Pilot!B34, Skills, 6, FALSE), ISNUMBER(SEARCH(Zoid!C6, VLOOKUP(Pilot!B26, Skills, 4, FALSE))), 'Dashboard (DO NOT TOUCH)'!B4 + VLOOKUP(Pilot!B26, Skills, 5, FALSE)"&" + VLOOKUP(Pilot!B14, Skills, 6, FALSE) + VLOOKUP(Pilot!B18, Skills, 6, FALSE) + VLOOKUP(Pilot!B22, Skills, 6, FALSE) + VLOOKUP(Pilot!B26, Skills, 6, FALSE) + VLOOKUP(Pilot!B30, Skills, 6, FALSE) + VLOOKUP(Pilot!B34, Skills, 6, FALSE), ISNUMBER(SEARC"&"H(Zoid!C6, VLOOKUP(Pilot!B30, Skills, 4, FALSE))), 'Dashboard (DO NOT TOUCH)'!B4+ VLOOKUP(Pilot!B30, Skills, 5, FALSE) + VLOOKUP(Pilot!B14, Skills, 6, FALSE) + VLOOKUP(Pilot!B18, Skills, 6, FALSE) + VLOOKUP(Pilot!B22, Skills, 6, FALSE) + VLOOKUP(Pilot!B2"&"6, Skills, 6, FALSE) + VLOOKUP(Pilot!B30, Skills, 6, FALSE) + VLOOKUP(Pilot!B34, Skills, 6, FALSE), ISNUMBER(SEARCH(Zoid!C6, VLOOKUP(Pilot!B34, Skills, 4, FALSE))), 'Dashboard (DO NOT TOUCH)'!B4+ VLOOKUP(Pilot!B34, Skills, 5, FALSE) + VLOOKUP(Pilot!B1"&"4, Skills, 6, FALSE) + VLOOKUP(Pilot!B18, Skills, 6, FALSE) + VLOOKUP(Pilot!B22, Skills, 6, FALSE) + VLOOKUP(Pilot!B26, Skills, 6, FALSE) + VLOOKUP(Pilot!B30, Skills, 6, FALSE) + VLOOKUP(Pilot!B34, Skills, 6, FALSE), TRUE, 'Dashboard (DO NOT TOUCH)'!"&"B4 )+C23)"),0.15) -> 0.15 | D4: {=INDEX(TANK[], MATCH('Dashboard (DO NOT TOUCH)'!B2, INDEX(TANK[],,1), 0), MATCH("Armor", TANK[#Headers], 0))} -> #NAME? | E4: {=INDEX(FIGHTER[], MATCH('Dashboard (DO NOT TOUCH)'!B2, INDEX(FIGHTER[],,1), 0), MATCH("Armor", FIGHTER[#Headers], 0))} -> #NAME? | F4: {=INDEX(SCOUT[], MATCH('Dashboard (DO NOT TOUCH)'!B2, INDEX(SCOUT[],,1), 0), MATCH("Armor", SCOUT[#Headers], 0))} -> #NAME? | G4: {=INDEX(ALMIGHTY[], MATCH('Dashboard (DO NOT TOUCH)'!B2, INDEX(ALMIGHTY[],,1), 0), MATCH("Armor", ALMIGHTY[#Headers], 0))} -> #NAME?
A5: React | B5: =IF(B$1="TANK",D5,IF(B$1="FIGHTER",E5,IF(B$1="SCOUT",F5,IF(B$1="ALMIGHTY",G5,"Titties")))) -> #NAME? | C5: =IFERROR(__xludf.dummyfunction("To_Percent(IFS( ISNUMBER(SEARCH(Zoid!C6, VLOOKUP(Pilot!B14, Skills, 4, FALSE))), 'Dashboard (DO NOT TOUCH)'!B5 + VLOOKUP(Pilot!B14, Skills, 5, FALSE), ISNUMBER(SEARCH(Zoid!C6, VLOOKUP(Pilot!B18 , Skills, 4, FALSE))), 'Dashboard (DO NOT TOUCH)'!B5 "&"+ VLOOKUP(Pilot!B18, Skills, 5, FALSE), ISNUMBER(SEARCH(Zoid!C6, VLOOKUP(Pilot!B22, Skills, 4, FALSE))), 'Dashboard (DO NOT TOUCH)'!B5 + VLOOKUP(Pilot!B22, Skills, 5, FALSE), ISNUMBER(SEARCH(Zoid!C6, VLOOKUP(Pilot!B26, Skills, 4, FALSE))), 'Dashbo"&"ard (DO NOT TOUCH)'!B5 + VLOOKUP(Pilot!B26, Skills, 5, FALSE), ISNUMBER(SEARCH(Zoid!C6, VLOOKUP(Pilot!B30, Skills, 4, FALSE))), 'Dashboard (DO NOT TOUCH)'!B5 + VLOOKUP(Pilot!B30, Skills, 5, FALSE), ISNUMBER(SEARCH(Zoid!C6, VLOOKUP(Pilot!B34, Skill"&"s, 4, FALSE))), 'Dashboard (DO NOT TOUCH)'!B5 + VLOOKUP(Pilot!B34, Skills, 5, FALSE), TRUE, 'Dashboard (DO NOT TOUCH)'!B5 ))"),0.15) -> 0.15 | D5: {=INDEX(TANK[], MATCH('Dashboard (DO NOT TOUCH)'!B2, INDEX(TANK[],,1), 0), MATCH("React", TANK[#Headers], 0))} -> #NAME? | E5: {=INDEX(FIGHTER[], MATCH('Dashboard (DO NOT TOUCH)'!B2, INDEX(FIGHTER[],,1), 0), MATCH("React", FIGHTER[#Headers], 0))} -> #NAME? | F5: {=INDEX(SCOUT[], MATCH('Dashboard (DO NOT TOUCH)'!B2, INDEX(SCOUT[],,1), 0), MATCH("React", SCOUT[#Headers], 0))} -> #NAME? | G5: {=INDEX(ALMIGHTY[], MATCH('Dashboard (DO NOT TOUCH)'!B2, INDEX(ALMIGHTY[],,1), 0), MATCH("React", ALMIGHTY[#Headers], 0))} -> #NAME?
A6: Perception | B6: =IF(B$1="TANK",D6,IF(B$1="FIGHTER",E6,IF(B$1="SCOUT",F6,IF(B$1="ALMIGHTY",G6,"Titties")))) -> #NAME? | C6: =IFERROR(__xludf.dummyfunction("To_Percent(IFS( ISNUMBER(SEARCH(Zoid!C6, VLOOKUP(Pilot!B14, Skills, 4, FALSE))), 'Dashboard (DO NOT TOUCH)'!B6 + VLOOKUP(Pilot!B14, Skills, 5, FALSE), ISNUMBER(SEARCH(Zoid!C6, VLOOKUP(Pilot!B18 , Skills, 4, FALSE))), 'Dashboard (DO NOT TOUCH)'!B6 "&"+ VLOOKUP(Pilot!B18, Skills, 5, FALSE), ISNUMBER(SEARCH(Zoid!C6, VLOOKUP(Pilot!B22, Skills, 4, FALSE))), 'Dashboard (DO NOT TOUCH)'!B6 + VLOOKUP(Pilot!B22, Skills, 5, FALSE), ISNUMBER(SEARCH(Zoid!C6, VLOOKUP(Pilot!B26, Skills, 4, FALSE))), 'Dashbo"&"ard (DO NOT TOUCH)'!B6 + VLOOKUP(Pilot!B26, Skills, 5, FALSE), ISNUMBER(SEARCH(Zoid!C6, VLOOKUP(Pilot!B30, Skills, 4, FALSE))), 'Dashboard (DO NOT TOUCH)'!B6 + VLOOKUP(Pilot!B30, Skills, 5, FALSE), ISNUMBER(SEARCH(Zoid!C6, VLOOKUP(Pilot!B34, Skill"&"s, 4, FALSE))), 'Dashboard (DO NOT TOUCH)'!B6 + VLOOKUP(Pilot!B34, Skills, 5, FALSE), TRUE, 'Dashboard (DO NOT TOUCH)'!B6 )+E23)"),0.25) -> 0.25 | D6: {=INDEX(TANK[], MATCH('Dashboard (DO NOT TOUCH)'!B2, INDEX(TANK[],,1), 0), MATCH("Perception", TANK[#Headers], 0))} -> #NAME? | E6: {=INDEX(FIGHTER[], MATCH('Dashboard (DO NOT TOUCH)'!B2, INDEX(FIGHTER[],,1), 0), MATCH("Perception", FIGHTER[#Headers], 0))} -> #NAME? | F6: {=INDEX(SCOUT[], MATCH('Dashboard (DO NOT TOUCH)'!B2, INDEX(SCOUT[],,1), 0), MATCH("Perception", SCOUT[#Headers], 0))} -> #NAME? | G6: {=INDEX(ALMIGHTY[], MATCH('Dashboard (DO NOT TOUCH)'!B2, INDEX(ALMIGHTY[],,1), 0), MATCH("Perception", ALMIGHTY[#Headers], 0))} -> #NAME?
A7: To Hit | B7: =IF(B$1="TANK",D7,IF(B$1="FIGHTER",E7,IF(B$1="SCOUT",F7,IF(B$1="ALMIGHTY",G7,"Titties")))) -> #NAME? | C7: =IFERROR(__xludf.dummyfunction("To_Percent(IFS( ISNUMBER(SEARCH(Zoid!C6, VLOOKUP(Pilot!B14, Skills, 4, FALSE))), 'Dashboard (DO NOT TOUCH)'!B7 + VLOOKUP(Pilot!B14, Skills, 5, FALSE), ISNUMBER(SEARCH(Zoid!C6, VLOOKUP(Pilot!B18 , Skills, 4, FALSE))), 'Dashboard (DO NOT TOUCH)'!B7 "&"+ VLOOKUP(Pilot!B18, Skills, 5, FALSE), ISNUMBER(SEARCH(Zoid!C6, VLOOKUP(Pilot!B22, Skills, 4, FALSE))), 'Dashboard (DO NOT TOUCH)'!B7 + VLOOKUP(Pilot!B22, Skills, 5, FALSE), ISNUMBER(SEARCH(Zoid!C6, VLOOKUP(Pilot!B26, Skills, 4, FALSE))), 'Dashbo"&"ard (DO NOT TOUCH)'!B7+ VLOOKUP(Pilot!B26, Skills, 5, FALSE), ISNUMBER(SEARCH(Zoid!C6, VLOOKUP(Pilot!B30, Skills, 4, FALSE))), 'Dashboard (DO NOT TOUCH)'!B7 + VLOOKUP(Pilot!B30, Skills, 5, FALSE), ISNUMBER(SEARCH(Zoid!C6, VLOOKUP(Pilot!B34, Skills"&", 4, FALSE))), 'Dashboard (DO NOT TOUCH)'!B7 + VLOOKUP(Pilot!B34, Skills, 5, FALSE), TRUE, 'Dashboard (DO NOT TOUCH)'!B7 )+F23)"),0.25) -> 0.25 | D7: {=INDEX(TANK[], MATCH('Dashboard (DO NOT TOUCH)'!B2, INDEX(TANK[],,1), 0), MATCH("To Hit", TANK[#Headers], 0))} -> #NAME? | E7: {=INDEX(FIGHTER[], MATCH('Dashboard (DO NOT TOUCH)'!B2, INDEX(FIGHTER[],,1), 0), MATCH("To Hit", FIGHTER[#Headers], 0))} -> #NAME? | F7: {=INDEX(SCOUT[], MATCH('Dashboard (DO NOT TOUCH)'!B2, INDEX(SCOUT[],,1), 0), MATCH("To Hit", SCOUT[#Headers], 0))} -> #NAME? | G7: {=INDEX(ALMIGHTY[], MATCH('Dashboard (DO NOT TOUCH)'!B2, INDEX(ALMIGHTY[],,1), 0), MATCH("To Hit", ALMIGHTY[#Headers], 0))} -> #NAME?
H10: Total
A11: Speed: | B11: =IF(Zoid!A30=TRUE(),VLOOKUP(Zoid!C4,Zoid_DB[],25,FALSE()),0) -> 0 | C11: =IF(Zoid!A35=TRUE(),VLOOKUP(Zoid!C4,Zoid_DB[],36,FALSE()),0) -> 0 | D11: =IF(Zoid!A47=TRUE(),VLOOKUP(Zoid!C47,Armaments[],11,FALSE()),0) -> 0 | E11: =IF(Zoid!A54=TRUE(),VLOOKUP(Zoid!C54,Armaments[],11,FALSE()),0) -> 0 | F11: =IF(Zoid!A61=TRUE(),VLOOKUP(Zoid!C61,Armaments[],11,FALSE()),0) -> 0 | G11: =IF(Zoid!A68=TRUE(),VLOOKUP(Zoid!C68,Armaments[],11,FALSE()),0) -> 0 | H11: =SUM(B11:G11) -> 0
A12: Range: | B12: =IF(Zoid!A30=TRUE(),VLOOKUP(Zoid!C4,Zoid_DB[],28,FALSE()),0) -> 0 | C12: =IF(Zoid!A35=TRUE(),VLOOKUP(Zoid!C4,Zoid_DB[],39,FALSE()),0) -> 0 | D12: =IF(Zoid!A47=TRUE(),VLOOKUP(Zoid!C47,Armaments[],9,FALSE()),0) -> 0 | E12: =IF(Zoid!A54=TRUE(),VLOOKUP(Zoid!C54,Armaments[],9,FALSE()),0) -> 0 | F12: =IF(Zoid!A61=TRUE(),VLOOKUP(Zoid!C61,Armaments[],9,FALSE()),0) -> 0 | G12: =IF(Zoid!A68=TRUE(),VLOOKUP(Zoid!C68,Armaments[],9,FALSE()),0) -> 0 | H12: =SUM(B12, C12, D12, E12, F12, G12) -> 0
A13: To Hit: | B13: =IF(Zoid!A30=TRUE(),VLOOKUP(Zoid!C4,Zoid_DB[],26,FALSE()),0) -> 0 | C13: =IF(Zoid!A35=TRUE(),VLOOKUP(Zoid!C4,Zoid_DB[],37,FALSE()),0) -> 0 | D13: =IF(Zoid!A47=TRUE(),VLOOKUP(Zoid!C47,Armaments[],8,FALSE()),0) -> 0 | E13: =IF(Zoid!A54=TRUE(),VLOOKUP(Zoid!C54,Armaments[],8,FALSE()),0) -> 0 | F13: =IF(Zoid!A61=TRUE(),VLOOKUP(Zoid!C61,Armaments[],8,FALSE()),0) -> 0 | G13: =IF(Zoid!A68=TRUE(),VLOOKUP(Zoid!C68,Armaments[],8,FALSE()),0) -> 0 | H13: =SUM(B13, C13, D13, E13, F13, G13) -> 0 | I13: From equipment
B14: =IF(ISNUMBER(SEARCH(IFERROR(VLOOKUP(Pilot!B14,Skills[],14,0),"#"), Zoid!C26)), IFERROR(VLOOKUP(Pilot!B14,Skills[],7,0), 0), 0) -> 0 | C14: =IF(ISNUMBER(SEARCH(IFERROR(VLOOKUP(Pilot!B18,Skills[],14,0),"#"), Zoid!C26)), IFERROR(VLOOKUP(Pilot!B18,Skills[],7,0), 0), 0) -> 0 | D14: =IF(ISNUMBER(SEARCH(IFERROR(VLOOKUP(Pilot!B22,Skills[],14,0),"#"), Zoid!C26)), IFERROR(VLOOKUP(Pilot!B22,Skills[],7,0), 0), 0) -> 0 | E14: =IF(ISNUMBER(SEARCH(IFERROR(VLOOKUP(Pilot!B26,Skills[],14,0),"#"), Zoid!C26)), IFERROR(VLOOKUP(Pilot!B26,Skills[],7,0), 0), 0) -> 0 | F14: =IF(ISNUMBER(SEARCH(IFERROR(VLOOKUP(Pilot!B30,Skills[],14,0),"#"), Zoid!C26)), IFERROR(VLOOKUP(Pilot!B30,Skills[],7,0), 0), 0) -> 0 | G14: =IF(ISNUMBER(SEARCH(IFERROR(VLOOKUP(Pilot!B34,Skills[],14,0),"#"), Zoid!C26)), IFERROR(VLOOKUP(Pilot!B34,Skills[],7,0), 0), 0) -> 0 | H14: =SUM(B14, C14, D14, E14, F14, G14) -> 0 | I14: Weapon 1
B15: =IF(ISNUMBER(SEARCH(IFERROR(VLOOKUP(Pilot!B15,Skills[],14,0),"#"), Zoid!C31)), IFERROR(VLOOKUP(Pilot!B15,Skills[],7,0), 0), 0) -> 0 | C15: =IF(ISNUMBER(SEARCH(IFERROR(VLOOKUP(Pilot!B19,Skills[],14,0),"#"), Zoid!C31)), IFERROR(VLOOKUP(Pilot!B19,Skills[],7,0), 0), 0) -> 0 | D15: =IF(ISNUMBER(SEARCH(IFERROR(VLOOKUP(Pilot!B23,Skills[],14,0),"#"), Zoid!C31)), IFERROR(VLOOKUP(Pilot!B23,Skills[],7,0), 0), 0) -> 0 | E15: =IF(ISNUMBER(SEARCH(IFERROR(VLOOKUP(Pilot!B27,Skills[],14,0),"#"), Zoid!C31)), IFERROR(VLOOKUP(Pilot!B27,Skills[],7,0), 0), 0) -> 0 | F15: =IF(ISNUMBER(SEARCH(IFERROR(VLOOKUP(Pilot!B31,Skills[],14,0),"#"), Zoid!C31)), IFERROR(VLOOKUP(Pilot!B31,Skills[],7,0), 0), 0) -> 0 | G15: =IF(ISNUMBER(SEARCH(IFERROR(VLOOKUP(Pilot!B35,Skills[],14,0),"#"), Zoid!C31)), IFERROR(VLOOKUP(Pilot!B35,Skills[],7,0), 0), 0) -> 0 | H15: =SUM(B15, C15, D15, E15, F15, G15) -> 0 | I15: Weapon 2
B16: =IF(ISNUMBER(SEARCH(IFERROR(VLOOKUP(Pilot!B15,Skills[],14,0),"#"), Zoid!C36)), IFERROR(VLOOKUP(Pilot!B15,Skills[],7,0), 0), 0) -> 0 | C16: =IF(ISNUMBER(SEARCH(IFERROR(VLOOKUP(Pilot!B19,Skills[],14,0),"#"), Zoid!C36)), IFERROR(VLOOKUP(Pilot!B19,Skills[],7,0), 0), 0) -> 0 | D16: =IF(ISNUMBER(SEARCH(IFERROR(VLOOKUP(Pilot!B23,Skills[],14,0),"#"), Zoid!C36)), IFERROR(VLOOKUP(Pilot!B23,Skills[],7,0), 0), 0) -> 0 | E16: =IF(ISNUMBER(SEARCH(IFERROR(VLOOKUP(Pilot!B27,Skills[],14,0),"#"), Zoid!C36)), IFERROR(VLOOKUP(Pilot!B27,Skills[],7,0), 0), 0) -> 0 | F16: =IF(ISNUMBER(SEARCH(IFERROR(VLOOKUP(Pilot!B31,Skills[],14,0),"#"), Zoid!C36)), IFERROR(VLOOKUP(Pilot!B31,Skills[],7,0), 0), 0) -> 0 | G16: =IF(ISNUMBER(SEARCH(IFERROR(VLOOKUP(Pilot!B35,Skills[],14,0),"#"), Zoid!C36)), IFERROR(VLOOKUP(Pilot!B35,Skills[],7,0), 0), 0) -> 0 | H16: =SUM(B16, C16, D16, E16, F16, G16) -> 0 | I16: Weapon 3
B17: =IF(ISNUMBER(SEARCH(IFERROR(VLOOKUP(Pilot!B15,Skills[],14,0),"#"), Zoid!C41)), IFERROR(VLOOKUP(Pilot!B15,Skills[],7,0), 0), 0) -> 0 | C17: =IF(ISNUMBER(SEARCH(IFERROR(VLOOKUP(Pilot!B19,Skills[],14,0),"#"), Zoid!C41)), IFERROR(VLOOKUP(Pilot!B19,Skills[],7,0), 0), 0) -> 0 | D17: =IF(ISNUMBER(SEARCH(IFERROR(VLOOKUP(Pilot!B23,Skills[],14,0),"#"), Zoid!C41)), IFERROR(VLOOKUP(Pilot!B23,Skills[],7,0), 0), 0) -> 0 | E17: =IF(ISNUMBER(SEARCH(IFERROR(VLOOKUP(Pilot!B27,Skills[],14,0),"#"), Zoid!C41)), IFERROR(VLOOKUP(Pilot!B27,Skills[],7,0), 0), 0) -> 0 | F17: =IF(ISNUMBER(SEARCH(IFERROR(VLOOKUP(Pilot!B31,Skills[],14,0),"#"), Zoid!C41)), IFERROR(VLOOKUP(Pilot!B31,Skills[],7,0), 0), 0) -> 0 | G17: =IF(ISNUMBER(SEARCH(IFERROR(VLOOKUP(Pilot!B35,Skills[],14,0),"#"), Zoid!C41)), IFERROR(VLOOKUP(Pilot!B35,Skills[],7,0), 0), 0) -> 0 | H17: =SUM(B17, C17, D17, E17, F17, G17) -> 0 | I17: Weapon 4
B18: =IF(ISNUMBER(SEARCH(IFERROR(VLOOKUP(Pilot!B15,Skills[],14,0),"#"), Zoid!C48)), IFERROR(VLOOKUP(Pilot!B15,Skills[],7,0), 0), 0) -> 0 | C18: =IF(ISNUMBER(SEARCH(IFERROR(VLOOKUP(Pilot!B19,Skills[],14,0),"#"), Zoid!C48)), IFERROR(VLOOKUP(Pilot!B19,Skills[],7,0), 0), 0) -> 0 | D18: =IF(ISNUMBER(SEARCH(IFERROR(VLOOKUP(Pilot!B23,Skills[],14,0),"#"), Zoid!C48)), IFERROR(VLOOKUP(Pilot!B23,Skills[],7,0), 0), 0) -> 0 | E18: =IF(ISNUMBER(SEARCH(IFERROR(VLOOKUP(Pilot!B27,Skills[],14,0),"#"), Zoid!C48)), IFERROR(VLOOKUP(Pilot!B27,Skills[],7,0), 0), 0) -> 0 | F18: =IF(ISNUMBER(SEARCH(IFERROR(VLOOKUP(Pilot!B31,Skills[],14,0),"#"), Zoid!C48)), IFERROR(VLOOKUP(Pilot!B31,Skills[],7,0), 0), 0) -> 0 | G18: =IF(ISNUMBER(SEARCH(IFERROR(VLOOKUP(Pilot!B35,Skills[],14,0),"#"), Zoid!C48)), IFERROR(VLOOKUP(Pilot!B35,Skills[],7,0), 0), 0) -> 0 | H18: =SUM(B18, C18, D18, E18, F18, G18) -> 0 | I18: Weapon 5
B19: =IF(ISNUMBER(SEARCH(IFERROR(VLOOKUP(Pilot!B15,Skills[],14,0),"#"), Zoid!C55)), IFERROR(VLOOKUP(Pilot!B15,Skills[],7,0), 0), 0) -> 0 | C19: =IF(ISNUMBER(SEARCH(IFERROR(VLOOKUP(Pilot!B19,Skills[],14,0),"#"), Zoid!C55)), IFERROR(VLOOKUP(Pilot!B19,Skills[],7,0), 0), 0) -> 0 | D19: =IF(ISNUMBER(SEARCH(IFERROR(VLOOKUP(Pilot!B23,Skills[],14,0),"#"), Zoid!C55)), IFERROR(VLOOKUP(Pilot!B23,Skills[],7,0), 0), 0) -> 0 | E19: =IF(ISNUMBER(SEARCH(IFERROR(VLOOKUP(Pilot!B27,Skills[],14,0),"#"), Zoid!C55)), IFERROR(VLOOKUP(Pilot!B27,Skills[],7,0), 0), 0) -> 0 | F19: =IF(ISNUMBER(SEARCH(IFERROR(VLOOKUP(Pilot!B31,Skills[],14,0),"#"), Zoid!C55)), IFERROR(VLOOKUP(Pilot!B31,Skills[],7,0), 0), 0) -> 0 | G19: =IF(ISNUMBER(SEARCH(IFERROR(VLOOKUP(Pilot!B35,Skills[],14,0),"#"), Zoid!C55)), IFERROR(VLOOKUP(Pilot!B35,Skills[],7,0), 0), 0) -> 0 | H19: =SUM(B19, C19, D19, E19, F19, G19) -> 0 | I19: Weapon 6
B20: =IF(ISNUMBER(SEARCH(IFERROR(VLOOKUP(Pilot!B15,Skills[],14,0),"#"), Zoid!C62)), IFERROR(VLOOKUP(Pilot!B15,Skills[],7,0), 0), 0) -> 0 | C20: =IF(ISNUMBER(SEARCH(IFERROR(VLOOKUP(Pilot!B19,Skills[],14,0),"#"), Zoid!C62)), IFERROR(VLOOKUP(Pilot!B19,Skills[],7,0), 0), 0) -> 0 | D20: =IF(ISNUMBER(SEARCH(IFERROR(VLOOKUP(Pilot!B23,Skills[],14,0),"#"), Zoid!C62)), IFERROR(VLOOKUP(Pilot!B23,Skills[],7,0), 0), 0) -> 0 | E20: =IF(ISNUMBER(SEARCH(IFERROR(VLOOKUP(Pilot!B27,Skills[],14,0),"#"), Zoid!C62)), IFERROR(VLOOKUP(Pilot!B27,Skills[],7,0), 0), 0) -> 0 | F20: =IF(ISNUMBER(SEARCH(IFERROR(VLOOKUP(Pilot!B31,Skills[],14,0),"#"), Zoid!C62)), IFERROR(VLOOKUP(Pilot!B31,Skills[],7,0), 0), 0) -> 0 | G20: =IF(ISNUMBER(SEARCH(IFERROR(VLOOKUP(Pilot!B35,Skills[],14,0),"#"), Zoid!C62)), IFERROR(VLOOKUP(Pilot!B35,Skills[],7,0), 0), 0) -> 0 | H20: =SUM(B20, C20, D20, E20, F20, G20) -> 0 | I20: Weapon 7
B21: =IF(ISNUMBER(SEARCH(IFERROR(VLOOKUP(Pilot!B15,Skills[],14,0),"#"), Zoid!C69)), IFERROR(VLOOKUP(Pilot!B15,Skills[],7,0), 0), 0) -> 0 | C21: =IF(ISNUMBER(SEARCH(IFERROR(VLOOKUP(Pilot!B19,Skills[],14,0),"#"), Zoid!C69)), IFERROR(VLOOKUP(Pilot!B19,Skills[],7,0), 0), 0) -> 0 | D21: =IF(ISNUMBER(SEARCH(IFERROR(VLOOKUP(Pilot!B23,Skills[],14,0),"#"), Zoid!C69)), IFERROR(VLOOKUP(Pilot!B23,Skills[],7,0), 0), 0) -> 0 | E21: =IF(ISNUMBER(SEARCH(IFERROR(VLOOKUP(Pilot!B27,Skills[],14,0),"#"), Zoid!C69)), IFERROR(VLOOKUP(Pilot!B27,Skills[],7,0), 0), 0) -> 0 | F21: =IF(ISNUMBER(SEARCH(IFERROR(VLOOKUP(Pilot!B31,Skills[],14,0),"#"), Zoid!C69)), IFERROR(VLOOKUP(Pilot!B31,Skills[],7,0), 0), 0) -> 0 | G21: =IF(ISNUMBER(SEARCH(IFERROR(VLOOKUP(Pilot!B35,Skills[],14,0),"#"), Zoid!C69)), IFERROR(VLOOKUP(Pilot!B35,Skills[],7,0), 0), 0) -> 0 | H21: =SUM(B21, C21, D21, E21, F21, G21) -> 0 | I21: Weapon 8
A23: =Zoid!G19 -> Black | B23: =IF(Zoid!G17=TRUE(),VLOOKUP(A23,A25:F28,2, FALSE()),0) -> 0 | C23: =IF(Zoid!G17=TRUE(),VLOOKUP(A23,A25:F28, 3, FALSE()),0) -> 0 | D23: =IF(Zoid!G17=TRUE(),VLOOKUP(A23,A25:F28, 4, FALSE()),0) -> 0 | E23: =IF(Zoid!G17=TRUE(), VLOOKUP(A23,A25:F28, 5, FALSE()),0) -> 0 | F23: =IF(Zoid!G17=TRUE(), VLOOKUP(A23,A25:F28, 6, FALSE()),0) -> 0 | G23: =IF(Zoid!G17=TRUE(), VLOOKUP(A23,A25:G28, 7, FALSE()),0) -> 0 | H23: =IF(Zoid!G17=TRUE(), VLOOKUP(A23,A25:F28, 6, FALSE()),0) -> 0
A24: Color | B24: Health | C24: Defense | D24: Speed | E24: Range | F24: To Hit | G24: Shield | H24: Damage increase
A25: White | B25: =VLOOKUP(Zoid!G18,Organoid!A:B,2,FALSE()) -> 0.05 | C25: =VLOOKUP(Zoid!G18,Organoid!A:C,3,FALSE()) -> 0.02 | D25: =VLOOKUP(Zoid!G18,Organoid!A:D,4,FALSE()) -> 0.01 | E25: =VLOOKUP(Zoid!G18,Organoid!A:E,5,FALSE()) -> 0.01 | F25: =VLOOKUP(Zoid!G18,Organoid!A:G,6,FALSE()) -> 0.01 | G25: =VLOOKUP(Zoid!G18,Organoid!A:V,22,FALSE()) -> 0 | H25: =VLOOKUP(Zoid!G18,Organoid!A:G,6,FALSE()) -> 0.01
A26: Red | B26: =VLOOKUP(Zoid!G18,Organoid!A:H,7,FALSE()) -> 0.01 | C26: =VLOOKUP(Zoid!G18,Organoid!A:I,8,FALSE()) -> 0.05 | D26: =VLOOKUP(Zoid!G18,Organoid!A:J,9,FALSE()) -> 0.01 | E26: =VLOOKUP(Zoid!G18,Organoid!A:K,10,FALSE()) -> 0.01 | F26: =VLOOKUP(Zoid!G18,Organoid!A:L,11,FALSE()) -> 0.02 | G26: =VLOOKUP(Zoid!C9,Organoid!A:W,23,FALSE()) -> 0 | H26: =VLOOKUP(Zoid!G18,Organoid!A:L,11,FALSE()) -> 0.02
A27: Blue | B27: =VLOOKUP(Zoid!G18,Organoid!A:M,12,FALSE()) -> 0.01 | C27: =VLOOKUP(Zoid!G18,Organoid!A:N,13,FALSE()) -> 0.01 | D27: =VLOOKUP(Zoid!G18,Organoid!A:O,14,FALSE()) -> 0.05 | E27: =VLOOKUP(Zoid!G18,Organoid!A:P,15,FALSE()) -> 0.02 | F27: =VLOOKUP(Zoid!G18,Organoid!A:Q,16,FALSE()) -> 0.01 | G27: =VLOOKUP(Zoid!C9,Organoid!A:X,24,FALSE()) -> 0 | H27: =VLOOKUP(Zoid!G18,Organoid!A:Q,16,FALSE()) -> 0.01
A28: Black | B28: =VLOOKUP(Zoid!G18,Organoid!A:R,17,FALSE()) -> 0.01 | C28: =VLOOKUP(Zoid!G18,Organoid!A:S,18,FALSE()) -> 0.01 | D28: =VLOOKUP(Zoid!G18,Organoid!A:T,19,FALSE()) -> 0.02 | E28: =VLOOKUP(Zoid!G18,Organoid!A:U,20,FALSE()) -> 0.01 | F28: =VLOOKUP(Zoid!G18,Organoid!A:U,21,FALSE()) -> 0.05 | G28: =VLOOKUP(Zoid!C9,Organoid!A:Y,25,FALSE()) -> 0 | H28: =VLOOKUP(Zoid!G18,Organoid!A:U,21,FALSE()) -> 0.05

Sheet Stats
A1: Level | B1: Health | C1: Armor | D1: React | E1: Perception | F1: To Hit
A2: 1 | B2: =+50% -> 0.5 | C2: =+10% -> 0.1 | D2: =+10% -> 0.1 | E2: =+10% -> 0.1 | F2: =+10% -> 0.1
A3: 2 | B3: 0.53 | C3: 0.13 | D3: 0.11 | E3: 0.12 | F3: 0.11
A4: 3 | B4: 0.56 | C4: 0.16 | D4: 0.12 | E4: 0.14 | F4: 0.12
A5: 4 | B5: 0.59 | C5: 0.19 | D5: 0.13 | E5: 0.16 | F5: 0.13
A6: 5 | B6: 0.62 | C6: 0.22 | D6: 0.14 | E6: 0.18 | F6: 0.14
A7: 6 | B7: 0.65 | C7: 0.25 | D7: 0.15 | E7: 0.2 | F7: 0.15
A8: 7 | B8: 0.68 | C8: 0.28 | D8: 0.16 | E8: 0.22 | F8: 0.16
A9: 8 | B9: 0.71 | C9: 0.31 | D9: 0.17 | E9: 0.24 | F9: 0.17
A10: 9 | B10: 0.74 | C10: 0.34 | D10: 0.18 | E10: 0.26 | F10: 0.18
A11: 10 | B11: 0.77 | C11: 0.37 | D11: 0.19 | E11: 0.28 | F11: 0.19
A12: 11 | B12: 0.8 | C12: 0.4 | D12: 0.2 | E12: 0.3 | F12: 0.2
A13: 12 | B13: 0.83 | C13: 0.43 | D13: 0.21 | E13: 0.32 | F13: 0.21
A14: 13 | B14: 0.86 | C14: 0.47 | D14: 0.22 | E14: 0.34 | F14: 0.22
... A101: 100 | B101: 3.45 | C101: 3.09 | D101: 1.09 | E101: 2.08 | F101: 1.09
A104: Level | B104: Health | C104: Armor | D104: React | E104: Perception | F104: To Hit
A105: 1 | B105: =+50% -> 0.5 | C105: =+10% -> 0.1 | D105: =+10% -> 0.1 | E105: =+10% -> 0.1 | F105: =+10% -> 0.1
A106: 2 | B106: 0.52 | C106: 0.11 | D106: 0.11 | E106: 0.13 | F106: 0.13
A107: 3 | B107: 0.54 | C107: 0.12 | D107: 0.12 | E107: 0.16 | F107: 0.16
A108: 4 | B108: 0.56 | C108: 0.13 | D108: 0.13 | E108: 0.19 | F108: 0.19
A109: 5 | B109: 0.58 | C109: 0.14 | D109: 0.14 | E109: 0.22 | F109: 0.22
A110: 6 | B110: 0.6 | C110: 0.15 | D110: 0.15 | E110: 0.25 | F110: 0.25
A111: 7 | B111: 0.62 | C111: 0.16 | D111: 0.16 | E111: 0.28 | F111: 0.28
A112: 8 | B112: 0.64 | C112: 0.17 | D112: 0.17 | E112: 0.31 | F112: 0.31
A113: 9 | B113: 0.66 | C113: 0.18 | D113: 0.18 | E113: 0.34 | F113: 0.34
A114: 10 | B114: 0.68 | C114: 0.19 | D114: 0.19 | E114: 0.37 | F114: 0.37
A115: 11 | B115: 0.7 | C115: 0.2 | D115: 0.2 | E115: 0.4 | F115: 0.4
A116: 12 | B116: 0.72 | C116: 0.21 | D116: 0.21 | E116: 0.43 | F116: 0.43
A117: 13 | B117: 0.74 | C117: 0.22 | D117: 0.22 | E117: 0.47 | F117: 0.47
... A204: 100 | B204: 2.48 | C204: 1.09 | D204: 1.09 | E204: 3.09 | F204: 3.09
A207: Level | B207: Health | C207: Armor | D207: React | E207: Perception | F207: To Hit
A208: 1 | B208: =+50% -> 0.5 | C208: =+10% -> 0.1 | D208: =+10% -> 0.1 | E208: =+10% -> 0.1 | F208: =+10% -> 0.1
A209: 2 | B209: 0.51 | C209: 0.13 | D209: 0.13 | E209: 0.12 | F209: 0.11
A210: 3 | B210: 0.52 | C210: 0.16 | D210: 0.16 | E210: 0.14 | F210: 0.12
A211: 4 | B211: 0.53 | C211: 0.19 | D211: 0.19 | E211: 0.16 | F211: 0.13
A212: 5 | B212: 0.54 | C212: 0.22 | D212: 0.22 | E212: 0.18 | F212: 0.14
A213: 6 | B213: 0.55 | C213: 0.25 | D213: 0.25 | E213: 0.2 | F213: 0.15
A214: 7 | B214: 0.56 | C214: 0.28 | D214: 0.28 | E214: 0.22 | F214: 0.16
A215: 8 | B215: 0.57 | C215: 0.31 | D215: 0.31 | E215: 0.24 | F215: 0.17
A216: 9 | B216: 0.58 | C216: 0.34 | D216: 0.34 | E216: 0.26 | F216: 0.18
A217: 10 | B217: 0.59 | C217: 0.37 | D217: 0.37 | E217: 0.28 | F217: 0.19
A218: 11 | B218: 0.6 | C218: 0.4 | D218: 0.4 | E218: 0.3 | F218: 0.2
A219: 12 | B219: 0.61 | C219: 0.43 | D219: 0.43 | E219: 0.32 | F219: 0.21
A220: 13 | B220: 0.62 | C220: 0.47 | D220: 0.47 | E220: 0.34 | F220: 0.22
... A307: 100 | B307: 1.48 | C307: 3.09 | D307: 3.09 | E307: 2.08 | F307: 1.09
A309: Level | B309: Health | C309: Armor | D309: React | E309: Perception | F309: To Hit
A310: 1 | B310: =+50% -> 0.5 | C310: =+10% -> 0.1 | D310: =+10% -> 0.1 | E310: =+10% -> 0.1 | F310: =+10% -> 0.1
A311: 2 | B311: 0.52 | C311: 0.12 | D311: 0.12 | E311: 0.12 | F311: 0.12
A312: 3 | B312: 0.54 | C312: 0.14 | D312: 0.14 | E312: 0.14 | F312: 0.14
A313: 4 | B313: 0.56 | C313: 0.16 | D313: 0.16 | E313: 0.16 | F313: 0.16
A314: 5 | B314: 0.58 | C314: 0.18 | D314: 0.18 | E314: 0.18 | F314: 0.18
A315: 6 | B315: 0.6 | C315: 0.2 | D315: 0.2 | E315: 0.2 | F315: 0.2
A316: 7 | B316: 0.62 | C316: 0.22 | D316: 0.22 | E316: 0.22 | F316: 0.22
A317: 8 | B317: 0.64 | C317: 0.24 | D317: 0.24 | E317: 0.24 | F317: 0.24
A318: 9 | B318: 0.66 | C318: 0.26 | D318: 0.26 | E318: 0.26 | F318: 0.26
A319: 10 | B319: 0.68 | C319: 0.28 | D319: 0.28 | E319: 0.28 | F319: 0.28
A320: 11 | B320: 0.7 | C320: 0.3 | D320: 0.3 | E320: 0.3 | F320: 0.3
A321: 12 | B321: 0.72 | C321: 0.32 | D321: 0.32 | E321: 0.32 | F321: 0.32
A322: 13 | B322: 0.74 | C322: 0.34 | D322: 0.34 | E322: 0.34 | F322: 0.34
... A409: 100 | B409: 2.48 | C409: 2.08 | D409: 2.08 | E409: 2.08 | F409: 2.08

Sheet Zoid List
A1: Name 1 | B1: Base Zoid 2 | C1: Type 3 | D1: Size 4 | E1: Level Required 5 | F1: Health 6 | G1: Armor 7 | H1: Defense 8 | I1: Speed 9 | J1: Reaction 10 | K1: Range 11 | L1: Carry Capacity 12 | M1: Weapon 1 13 | N1: Effect 2 14 | O1: Damage 1 15 | P1: Type 1 16 | Q1: To Hit 1 17 | R1: Active/Passive3 18 | S1: Weapon 2 19 | T1: Effect 3 20 | U1: Damage 2 21 | V1: Type 2 22 | W1: To Hit 2 23 | X1: Shield Health 24 | Y1: Speed Increase 25 | Z1: to Hit increase 26 | AA1: Reaction increase 2 27 | AB1: Range increase 28 | AC1: Active/Passive 29 | AD1: Weapon 3 30 | AE1: Effect 4 31 | AF1: Damage 3 32 | AG1: Type 3 33 | AH1: To Hit 3 34 | AI1: Shield Health 2 35 | AJ1: Speed increase 2 36 | AK1: To Hit increase 2 37 | AL1: Reaction Increase 38 | AM1: Increase Range 39 | AN1: Active/Passive 2 40 | AO1: Weapon 4 41 | AP1: Effect 5 42 | AQ1: Damage 4 43 | AR1: Type 4 44 | AS1: To Hit 4 45 | AT1: Re-Equip Slot Type 1 46 | AU1: Removable Equipment 47 | AV1: Effect 6 48 | AW1: Damage 5 49 | AX1: Damage Type 50 | AY1: To Hit 5 51 | AZ1: Weight 52 | BA1: Re-Equip Slot Type 2 53 | BB1: Removable Equipment 2 54 | BC1: Damage 6 55 | BD1: Effect 7 56 | BE1: To Hit 6 57 | BF1: Type 5 58 | BG1: Weight 2 59 | BH1: Re-Equip Slot Type 3 60 | BI1: Removable Equipment 3 61 | BJ1: Damage 7 62 | BK1: To Hit 7 63 | BL1: Weight 3 64 | BM1: Re-Equip Slot Type 4 65 | BN1: Removable Equipment 4 66 | BO1: Damage 8 67 | BP1: To Hit 8 68 | BQ1: Effect 69 | BR1: Weight 4. 70 | BS1: Defense increase for solo shield 71 | BT1: On/off 72 | BU1: Zoid Picture Base | BV1: Zoid Picture Red | BW1: Zoid Green 47 | BX1: Zoid Blue 48 | BY1: Zoid White 49 | BZ1: Zoid Black 50 | CA1: Zoid Purple 51 | CB1: Zoid Brown 52 | CC1: First attack gif | CD1: Second attack gif | CE1: Third attack gif | CF1: Fourth attack gif | CG1: Weapon 1 Heat | CH1: Weapon 2 Heat | CI1: Weapon 3 Heat | CJ1: Weapon 4 Heat | CK1: Column 83
A2: Zaber Fang Old | C2: Tiger | D2: Large | E2: 6 | F2: 200 | G2: 22 | H2: 10 | I2: 200 | J2: 15 | K2: 300 | L2: 40 | M2: 3 Shock Cannon: | N2: Chest mounted triple barreled cannon. Targets a single opponent. | O2: 80 | P2: Ranged, Explosive | Q2: 14 | S2: 20mm: | T2: Shoulder mounted laser gun. Targets a single opponent. Ranged | U2: 60 | V2: Ranged, Energy | W2: 17 | AD2: Laser Machine Gun: | AE2: Chest mounted laser gun. Targets up to two opponents. Two bursts of energy bolts that split that damage between them. | AF2: 45 | AG2: Ranged, Energy | AH2: 17 | AO2: Killer Saber: | AP2: Front claw attack. Targets a single opponent. | AQ2: 130 | AR2: Melee, Slashing | AS2: 13 | AT2: Weapon and Assist | AU2: Double Beam Cannon: | AV2: Back mounted removable cannon. Targets a single opponent. (Only usable by Zaber Fang Old) | AW2: 12D10 | AX2: Ranged, Energy | AY2: 18 | AZ2: 15 | BA2: Weapon and Assist | BH2: Weapon and Assist | BM2: Assist | CC2: https://drive.google.com/file/d/1QrN6lz-o5Xx2XJOgrZTd3B-jem0QrbCz/view?usp=share_link
A3: Zaber Fang | B3: Zaber Fang Old | C3: Tiger | D3: Large | E3: 8 | F3: 220 | G3: 23 | H3: 15 | I3: 240 | J3: 15 | K3: 300 | L3: 40 | M3: 3 Barrel Shock Cannon: | N3: Chest mounted triple barrled cannon. Targets a single opponent. | O3: 120 | P3: Ranged, Explosive | Q3: 14 | S3: 20mm: | T3: Shoulder mounted lasers. Targets a single opponent. | U3: 120 | V3: Ranged, Energy | W3: 17 | AD3: Killer Saber: | AE3: Front claw attack. Targets a single opponent. | AF3: 140 | AG3: Melee, Slashing | AH3: 13 | AQ3: 45 | AT3: Weapon and Assist | AU3: Double Beam Cannon: | AV3: Back mounted removable cannon. Targets a single opponent. (Zaber Fang Only) | AW3: 12D10 | AX3: Ranged, Energy | AY3: 18 | AZ3: 15 | BA3: Weapon and Assist | BH3: Weapon and Assist | BM3: Assist
A4: Zaber Fang RS | B4: Zaber Fang | C4: Tiger | D4: Large | E4: 13 | F4: 250 | G4: 23 | H4: 22 | I4: 240 | J4: 16 | K4: 500 | L4: 50 | M4: 3 Barrel Shock Cannon: | N4: Chest mounted triple barrel cannon. Targets a single opponent. | O4: 120 | P4: Ranged, Explosive | Q4: 16 | S4: 20mm: | T4: Shoulder mounted lasers. Targets a single opponent. | U4: 60 | V4: Ranged, Energy | W4: 17 | AD4: Killer Saber: | AE4: Front claws attack. Targets a single opponent. | AF4: 160 | AG4: Melee, Slashing | AH4: 13 | AT4: Weapon and Assist | AU4: Double Beam Cannon: | AV4: Back mounted removable cannon. Targets a single opponnent. (Zaber Fang Only) | AW4: 12D10 | AX4: Energy | AY4: 18 | AZ4: 15 | BA4: Weapon and Assist | BH4: Weapon and Assist | BM4: Assist
A5: Zaber Fang SS | B5: Zaber Fang | C5: Tiger | D5: Large | E5: 11 | F5: 220 | G5: 23 | H5: 20 | I5: 240 | J5: 16 | K5: 500 | L5: 40 | M5: 3 Barrel Shock Cannon: | N5: Chest mounted triple barrel cannon. Targets a single opponent. | O5: 120 | P5: Ranged, Explosive | Q5: 14 | S5: Beam Gun: | T5: Back mounted energy gun. Targets a single opponent. | U5: 60 | V5: Ranged, Energy | W5: 17 | AD5: Beam Gatling: | AE5: Target up to two opponents. Shoots two bursts of energy that split the damage. | AF5: 90 | AG5: Ranged, Energy, Close Range | AH5: 16 | AO5: Killer Saber: | AP5: Claw attack. Targets a single opponent. | AQ5: 160 | AR5: Melee, Slashing | AS5: 13 | AT5: Weapon and Assist | BA5: Weapon and Assist | BH5: Weapon and Assist | BM5: Assist
A6: Zaber Fang AT | B6: Zaber Fang | C6: Tiger | D6: Large | E6: 10 | F6: 230 | G6: 23 | H6: 17 | I6: 250 | J6: 15 | K6: 400 | L6: 40 | M6: 3 Barrel Shock Cannon: | N6: Chest mounted triple barrel cannon. Targets a single opponent. | O6: 120 | P6: Ranged, Explosive | Q6: 14 | S6: 8-Missile Pod: | T6: Back mounted missile pod. Targets up to four opponents. Shoots four missiles with the damage split between them. | U6: 75 | V6: Ranged, Explosive, Homing | W6: 18 | AD6: Killer Saber: | AE6: Bite attack. targets a single opponent | AF6: 160 | AG6: Melee, Piercing | AH6: 13 | AT6: Assist | BA6: Weapon and Assist | BH6: Weapon and Assist | BM6: Assist
A7: Zaber Fang TS | B7: Zaber Fang AT | C7: Tiger | D7: Large | E7: 8 | F7: 230 | G7: 23 | H7: 20 | I7: 250 | J7: 15 | K7: 300 | L7: 40 | M7: 3 Barrel Shock Cannon: | N7: Chest mounted triple barrel cannon. Targets a single opponent. | O7: 140 | P7: Ranged, Explosive | Q7: 14 | S7: Short Range Cannon: | T7: Back mounted cannon. Targets a single opponent. | U7: 160 | V7: Ranged, Explosive | W7: 13 | AD7: Killer Saber: | AE7: Bite attack. Targets a single opponent. | AF7: 160 | AG7: Melee, Piercing | AH7: 13 | AT7: Assist | BA7: Weapon and Assist | BH7: Weapon and Assist | BM7: Assist
A8: Proto Zaber | B8: Zaber Fang | C8: Tiger | D8: Large | E8: 18 | F8: 260 | G8: 22 | H8: 25 | I8: 250 | J8: 14 | K8: 300 | L8: 30 | M8: Triple Impact Cannon: | N8: Chest mounted cannon. Targets a single opponent. | O8: 170 | P8: Ranged, Explosive | Q8: 17 | S8: Linear Laser Gun: | T8: Shoulder mounted laser beam gun. Targets a single opponent. | U8: 100 | V8: Ranged, Energy | W8: 17 | AD8: SR Vulcan: | AE8: Shoulder mounted machine gun. Targets up to two Zoids. Two bursts that deals 5D8 piercing. | AF8: 80 | AG8: Ranged, Piercing | AH8: 17 | AO8: Killer Saber: | AP8: Bite attack. Targets a single opponent. | AQ8: 180 | AR8: Melee, Piercing | AS8: 17 | AT8: Weapon and Assist | AU8: Double Beam Cannon: back mounted energy cannon. Targets a single opponent. Ranged (Proto Fang Only) | AW8: 20D10 | AX8: Energy | AY8: 18 | AZ8: 17 | BA8: Weapon and Assist | BH8: Weapon and Assist | BM8: Assist
A9: Diablo Tiger | C9: Tiger | D9: Medium | E9: 25 | F9: 350 | G9: 23 | H9: 75 | I9: 240 | J9: 18 | K9: 300 | L9: 20 | M9: Cyber Cannon: | N9: Back mounted cannon. Targets a vertical area 30m wide by 60m long. Opponents in the area of effect must make a reaction save against the attack roll. Successful saves take no damage. | O9: 180 | P9: Ranged, Energy | Q9: 18 | S9: Cyber Claw: | T9: Claw attack. Targets a single opponent. | U9: 350 | V9: Melee, Slashing | W9: 15 | AD9: Optical Camouflage: | AE9: Stealth generator. Self targeting stealth field. Turn "invisible". Lasts for 5 turns. Disadvatage on attack rolls against you. Advantage on stealth cheacks. | AF9: 0 | AN9: Active | AO9: Cyber Fang: | AP9: Bite attack. Targets a single opponent. | AQ9: 400 | AR9: Melee, Piercing | AS9: 13 | AT9: Assist | BA9: Weapon and Assist | BH9: Weapon and Assist | BM9: Assist | BN9: Auto Repair Unit: self repair function. | BQ9: 50 healing. must recharg for two turns before next use | BR9: 15 | BT9: Active
A10: Blitz Tiger | C10: Tiger | D10: Large | F10: 400 | G10: 23 | H10: 75 | I10: 320 | J10: 14 | K10: 500 | L10: 30 | M10: Thunder Claw: | N10: Claw electric attack. Targets a single opponent. On a hit must make a percentile roll. If the roll is 49 or lower their zoid is frozen. At the end of their turn they may roll again to unfreeze. | O10: 180 | P10: Melee, Freeze, Slashing | Q10: 15 | S10: Lightning Attack: | T10: Head and shoulder mounted blades shift forward. Targets a single opponent. On a hit must make a percentile roll. If the roll is 49 or lower their zoid is frozen. At the end of their turn they may roll again to unfreeze. | U10: 360 | V10: Melee, Slashing, Freeze, Lighting | W10: 16 | AD10: Volt Cannon: | AE10: Back mounted electric cannon. Targets an area of 45m by 135m. Must make a reaction save against the attack roll. On a successful save you take no damage. On a hit must make a percentile roll. If the roll is 49 or lower their zoid is frozen. At the end of their turn they may roll again to unfreeze. | AF10: 120 | AG10: Ranged, Freeze, Lighting | AH10: 12 | AO10: Crusher Saber: | AP10: Bite attack. Targets a single opponent. | AQ10: 250 | AR10: Melee, Piercing | AS10: 14 | AT10: Assist | BA10: Weapon and Assist | BH10: Weapon and Assist | BM10: Assist
A11: Atak Kat | C11: Tiger | D11: Small | E11: 7 | F11: 100 | G11: 20 | H11: 9 | I11: 190 | J11: 16 | K11: 1800 | L11: 20 | M11: Laser Machine Gun: | N11: Chest mounted energy gun. Can target up to two Zoids. Shoots two energy bolts dealing 3D6 energy | O11: 30 | P11: Ranged, Energy | Q11: 17 | S11: Optical Camouflage: | T11: Self targeting stealth field. Turn “invisible”. Lasts for 5 turns. Disadvantage on attack rolls against you. Advantage on stealth checks. | AC11: Active | AD11: Go for Broke: | AE11: Claw attack. Targets a single opponent. | AF11: 60 | AG11: Melee, Slashing | AH11: 13 | AT11: Weapon and Assist | AU11: Double Beam Cannon: | AV11: back mounted energy weapon. Targets a single opponent. Ranged (Atak Kat Only) | AW11: 60 | AX11: Energy | AY11: 17 | AZ11: 8 | BA11: Weapon and Assist | BH11: Weapon and Assist | BM11: Assist
A12: Lightning Saix | C12: Tiger | D12: Medium | E12: 12 | F12: 230 | G12: 22 | H12: 17 | I12: 325 | J12: 18 | K12: 200 | L12: 30 | M12: 2-Barrel Vulcan Cannon: | N12: Head mounted machine gun. Covers an area of 60m by 60m. Targets in the area must make a reaction against the attack roll. Successful saves take no damage. | O12: 55 | P12: Ranged, Piercing | Q12: 17 | S12: Killer Fang: | T12: Bite attack. Targets a single opponent. | U12: 130 | V12: Melee, Piercing | W12: 13 | AF12: 0 | AT12: Weapon and Assist | AU12: Pulse Laser Gun: | AV12: back mounted energy gun. Targets up to two opponents. Ranged (Lightning Saix Only) | AW12: 110 | AX12: Energy | AY12: 18 | AZ12: 20 | BA12: Weapon and Assist | BH12: Weapon and Assist | BM12: Assist
A13: Lightning Saix BS | B13: Lightning Saix | C13: Tiger | D13: Medium | E13: 13 | F13: 230 | G13: 22 | H13: 17 | I13: 310 | J13: 17 | K13: 200 | L13: 25 | M13: 2-Barrel Vulcan Cannon: | N13: Head mounted machine gun. Covers an area of 60m by 60m. | O13: 55 | P13: Ranged, Piercing | Q13: 17 | S13: Killer Fang: | T13: Bite attack. Targets a single opponent. | U13: 130 | V13: Melee, Piercing | W13: 13 | AF13: 0 | AT13: Weapon and Assist | AU13: Pulse Laser Gun: | AV13: back mounted energy gun. Targets up to two opponents. Ranged (Lightning Saix Only) | AW13: 130 | AX13: Energy | AY13: 19 | AZ13: 22 | BA13: Weapon and Assist | BH13: Weapon and Assist | BM13: Assist
A14: Gun Tiger | C14: Tiger | D14: Small | E14: 3 | F14: 85 | G14: 18 | H14: 8 | I14: 270 | J14: 18 | K14: 500 | L14: 20 | M14: High Wave Frequency Claw: | N14: Claw attack. Targets a single opponent. | O14: 35 | P14: Melee, Slashing | Q14: 17 | S14: Static Minigun: | T14: Shoulder mounted minigun. Targets a single opponent. | U14: 65 | V14: Ranged, Piercing | W14: 16 | AD14: Ion Booster: | AE14: Back mounted boosters. 300 speed for three turns | AJ14: 300 | AN14: Active | AO14: High Wave Frequency Fang: | AP14: Bite attack. Targets a single opponent. | AQ14: 40 | AR14: Melee, Piercing | AS14: 14 | AT14: Assist | BA14: Weapon and Assist | BH14: Weapon and Assist | BM14: Assist
A15: Liger Zero | C15: Lion | D15: Large | E15: 15 | F15: 260 | G15: 23 | H15: 28 | I15: 307 | J15: 15 | K15: 350 | L15: 40 | M15: Shock Cannon: | N15: Chest mounted cannon. Targets a single opponent. | O15: 160 | P15: Ranged, Explosive | Q15: 15 | S15: Ion Boosters: | T15: Back mounted boosters. Doubles speed for three turns | Y15: =Zoid!D17 -> #NAME? | AC15: Active | AD15: Strike Laster Claw: | AE15: Energy claw attack. Targets a single opponent. | AF15: 240 | AG15: Melee, Slashing, Energy | AH15: 15 | AT15: Assist | BA15: Weapon and Assist | BH15: Weapon and Assist | BM15: Assist
A16: Zero Schneider (CAU) | B16: Liger Zero | C16: Lion | D16: Large | E16: 17 | F16: 290 | G16: 24 | H16: 28 | I16: 310 | J16: 16 | K16: 200 | L16: 30 | M16: Shock Cannon: | N16: Chest mounted cannon. Targets a single opponent. | O16: 160 | P16: Ranged, Explosive | Q16: 15 | S16: 5-Blades: | T16: Five blades flip forward from the back. Targets a single opponent. | U16: 400 | V16: Melee, Slashing | W16: 10 | AD16: Energy Shield: | AE16: Curved domed energy shield. Blocks 200 damage before dispersing. Must recharge for two turns | AI16: 200 | AN16: Active | AO16: Laser Blade: | AP16: Two blades flip down and out from the sides. Targets a single opponent. | AQ16: 270 | AR16: Melee, Slashing | AS16: 14 | AT16: Assist | BA16: Weapon and Assist | BH16: Weapon and Assist | BM16: Assist | CH16: 1
A17: Zero Jager (CAU) | B17: Liger Zero | C17: Lion | D17: Large | E17: 17 | F17: 260 | G17: 24 | H17: 28 | I17: 330 | J17: 18 | K17: 400 | L17: 30 | M17: Shock Cannon: | N17: Chest mounted cannon. Targets a single opponent. | O17: 160 | P17: Ranged, Explosive | Q17: 15 | S17: Vulcan Pod: | T17: Head mounted guns. Targets a single opponent. | U17: 95 | V17: Ranged, Piercing | W17: 17 | AD17: Ion Boosters: | AE17: Back mounted boosters. Increases speed by 500 for three turns. | AJ17: 500 | AN17: Active | AO17: Strike Laser Claws: | AP17: Energy claw attack. Targets a single opponent. | AQ17: 240 | AR17: Melee, Slashing, Energy | AS17: 15 | AT17: Assist | BA17: Weapon and Assist | BH17: Weapon and Assist | BM17: Assist
A18: Zero Panzer (CAU) | B18: Liger Zero | C18: Lion | D18: Large | E18: 20 | F18: 300 | G18: 26 | H18: 40 | I18: 285 | J18: 15 | K18: 200 | L18: 30 | M18: Grenade Launcher: | N18: Chest mounted grenade launcher. Targets a single opponent. | O18: 200 | P18: Ranged, Explosive | Q18: 18 | S18: Hybrid Cannons: | T18: Back mounted cannons. Targets an area of 90m square. Targets in the area must make a reaction save against the attack roll. Successful saves take no damage. | U18: 250 | V18: Ranged, Piercing, Long Range | W18: 18 | AD18: Burning Big Bang: | AE18: All out barrage using all guns. Can only be used twice per battle. Targets an area 120m square. Targets in the area of effect must make a reaction save against your attack roll. Successful saves take no damage. | AF18: 300 | AG18: Ranged, Homing, Explosive | AH18: 16 | AO18: Strike Laser Claw: | AP18: Energy claw attack. Targets a single opponent. | AQ18: 240 | AR18: Melee, Slashing, Energy | AS18: 12 | AT18: Assist | BA18: Weapon and Assist | BH18: Weapon and Assist | BM18: Assist | CH18: 2 | CI18: 1
A19: Zero Empire (CAU) | B19: Liger Zero | C19: Lion | D19: Large | E19: 15 | F19: 260 | G19: 22 | H19: 28 | I19: 307 | J19: 15 | K19: 400 | L19: 40 | M19: Shock Cannon: | N19: Chest mounted cannon. Targets a single opponent. | O19: 160 | P19: Ranged, Explosive | Q19: 15 | S19: Ion Booster: | T19: Back mounted boosters that increases your Zoids speed by 400 for three turns. | Y19: 400 | AC19: Active | AD19: Strike Laser Claw: | AE19: Energy claw attack. Targets a single opponent. | AF19: 210 | AG19: Melee, Slashing, Energy | AH19: 15 | AT19: Assist | BA19: Weapon and Assist | BH19: Weapon and Assist | BM19: Assist
A20: Zero X (CAU) | B20: Liger Zero | C20: Lion | D20: Large | E20: 15 | F20: 280 | G20: 24 | H20: 30 | I20: 317 | J20: 15 | K20: 300 | L20: 30 | M20: Shock Cannon: | N20: Chest mounted cannon. Targets a single opponent. | O20: 160 | P20: Ranged, Explosive | Q20: 15 | S20: Stun Blade: | T20: Blades flip down and out to side. Targets a single opponent. On a hit, opponent must make a percentile roll. If the roll is 49 or lower the Zoid is frozen. May roll to unfreeze at en of their next turn. | U20: 180 | V20: Melee, Freeze, Slashing, Electrical | W20: 15 | AD20: Electron Driver: | AE20: Blades on back point forward above the head towards the sky. Targets an area 90m by 90m. Opponents in the area of effect must make a reaction save against the attack roll. Successful saves take no damage. Opponents damaged by this attack must make a percentile roll. If the roll is 49 or lower their zoid is frozen. At the end of their turn they may roll again to unfreeze. | AF20: 150 | AG20: Ranged, Freezing, Electric | AH20: 14 | AO20: Strike Laser Claw: | AP20: Energy claw attack. Targets a single opponent. | AQ20: 240 | AR20: Melee, Slashing, Energy | AS20: 14 | AT20: Assist | AU20: Stealth Generator | AV20: Generates Optical Camoflage and dampens sound when used outside of combat | BA20: Weapon and Assist | BH20: Weapon and Assist | BM20: Assist
A21: Trinity Liger | C21: Lion | D21: Large | E21: 20 | F21: 300 | G21: 23 | H21: 28 | I21: 315 | J21: 15 | K21: 500 | L21: 30 | M21: Beam Gun: | N21: Head mounted gun. Targets a single opponent. | O21: 200 | P21: Ranged, Energy | Q21: 17 | S21: Multi Radar: | T21: Increases hit rate by 20 for three turns. | Z21: 20 | AD21: Turbine: | AE21: Increase reaction for self. 10 to reaction for three turns. | AL21: 10 | AN21: Active | AO21: Armor Claw: | AP21: Claw attack. Targets a single opponent. | AQ21: 230 | AR21: Melee, Slashing | AS21: 14 | AT21: Assist | BA21: Weapon and Assist | BH21: Weapon and Assist | BM21: Assist
A22: Trinity Liger BA | B22: Trinity Liger | C22: Lion | D22: Large | E22: 22 | F22: 350 | G22: 23 | H22: 28 | I22: 295 | J22: 16 | K22: 500 | L22: 25 | M22: Beam Gun: | N22: Head mounted gun. Targets a single opponent. | O22: 280 | P22: Ranged, Energy | Q22: 17 | S22: Fast Gatling: | T22: Back mounted twin gatling guns. Targets up to two opponents. Shoots two bursts that split the damage between them. | U22: 200 | V22: Ranged, Piercing, Close Range | W22: 17 | AD22: Micro Missile: | AE22: Lower back missile pods. Targets an area 90m by 90m. Targets in the area of effect must make a reaction save against the attack roll. Successful saves take no damage. | AF22: 180 | AG22: Ranged, Homing, Explosive | AH22: 18 | AO22: Dozer Claw: | AP22: Claw attack. Targets a single opponent. | AQ22: 250 | AR22: Melee, Slashing | AS22: 15 | AT22: Assist | BA22: Weapon and Assist | BH22: Weapon and Assist | BM22: Assist
A23: Shield Liger | C23: Lion | D23: Large | E23: 7 | F23: 210 | G23: 22 | H23: 13 | I23: 250 | J23: 15 | K23: 300 | L23: 40 | M23: Shock Cannon: | N23: Chest mounted cannon. Targets a single opponent. | O23: 100 | P23: Ranged, Explosive | Q23: 14 | S23: Energy Shield: | T23: Deploys a curved semi domed shield in front of the Zoid. Blocks 150 damage before dispersing. | X23: 150 | AC23: Active | AD23: Laser Saber: | AE23: Claw attack. Targets a single opponent. | AF23: 150 | AG23: Melee, Piercing | AH23: 13 | AT23: Weapon and Assist | BA23: Weapon and Assist | BH23: Weapon and Assist | BM23: Assist
A24: Shield Liger DCS | B24: Shield Liger | C24: Lion | D24: Large | E24: 8 | F24: 210 | G24: 22 | H24: 13 | I24: 250 | J24: 10 | K24: 300 | L24: 30 | M24: Shock Cannon: | N24: Chest mounted cannon. Targets a single opponent. | O24: 100 | P24: Ranged, Explosive | Q24: 14 | S24: Beam Cannon: | T24: Back mounted energy cannon. Targets a single opponent. | U24: 140 | V24: Ranged, Energy | W24: 18 | AD24: Energy Shield: | AE24: Curved energy shield. Blocks 150 damage before dispersing. | AI24: 150 | AN24: Active | AO24: Laser Saber: | AP24: Claw attack. Targets a single opponent. | AQ24: 150 | AR24: Melee, Piercing | AS24: 13 | AT24: Assist | BA24: Weapon and Assist | BH24: Weapon and Assist | BM24: Assist
A25: Shield Liger DCS-J | B25: Shield Liger DCS | C25: Lion | D25: Large | E25: 13 | F25: 250 | G25: 23 | H25: 23 | I25: 285 | J25: 12 | K25: 300 | L25: 40 | M25: Shock Cannon: | N25: Chest mounted cannon. Targets a single opponent. | O25: 140 | P25: Ranged, Explosive | Q25: 14 | S25: Beam Cannon: | T25: Back mounted energy cannon. Targets a single opponent. | U25: 230 | V25: Ranged, Energy | W25: 18 | AD25: Energy Shield: | AE25: Curved energy shield. Blocks 200 damage before dispersing. | AI25: 200 | AN25: Active | AO25: Laser Saber: | AP25: Bite attack. Targets a single opponent. | AQ25: 200 | AR25: Melee, Piercing | AS25: 13 | AT25: Assist | BA25: Weapon and Assist | BH25: Weapon and Assist | BM25: Assist
A26: Spark Liger | B26: Shield Liger | C26: Lion | D26: Large | E26: 15 | F26: 240 | G26: 23 | H26: 23 | I26: 250 | J26: 13 | K26: 250 | L26: 40 | M26: Shock Gun: | N26: Chest mounted cannon. Targets a single opponent. | O26: 140 | P26: Ranged, Explosive | Q26: 14 | S26: Laser Claw: | T26: Claw attack. Targets a single opponent. | U26: 180 | V26: Melee, Slashing | W26: 15 | AD26: Potential Difference Generator: | AE26: Head mounted lightning generator. Targets a single opponent. Opponents damaged by this attack must make a percentile roll. A roll of 49 or lower and their Zoid will be frozen. At the end of their turn they may roll to unfreeze. | AF26: 25 | AG26: Ranged, Freezing, Electrical | AH26: 14 | AO26: Laser Saber: | AP26: Bite attack. Targets a single opponent. | AQ26: 190 | AR26: Melee, Piercing, Energy | AS26: 13 | AT26: Weapon and Assist | BA26: Weapon and Assist | BH26: Weapon and Assist | BM26: Assist
A27: Blade Liger | B27: Shield Liger | C27: Lion | D27: Large | E27: 13 | F27: 280 | G27: 21 | H27: 25 | I27: 305 | J27: 15 | K27: 400 | L27: 50 | M27: Shock Cannon: | N27: Chest mounted cannon. Targets a single opponent. | O27: 140 | P27: Ranged, Explosive | Q27: 15 | S27: Energy Shield: | T27: Deploys a curved semi domed shield in front of the Zoid. Blocks 200 damage before dispersing. | X27: 200 | AC27: Active | AD27: Laser Blade: | AE27: Blades fold down and extend out from the side. Targets a single opponent. | AF27: 220 | AG27: Melee, Slashing, Energy | AH27: 14 | AT27: Weapon and Assist | BA27: Weapon and Assist | BH27: Weapon and Assist | BM27: Assist
A28: Blade Liger AB | B28: Blade Liger | C28: Lion | D28: Large | E28: 16 | F28: 300 | G28: 23 | H28: 25 | I28: 320 | J28: 17 | K28: 400 | L28: 45 | M28: Shock Cannon: | N28: Chest mounted cannon. Targets a single opponent. | O28: 160 | P28: Ranged, Explosive | Q28: 15 | S28: Attack Booster Cannon: | T28: Back mounted dual cannons. Targets a single opponent. | U28: 230 | V28: Ranged, Energy | W28: 19 | AD28: Energy Shield: | AE28: Curved energy shield. Blocks 200 damage before dispersing. | AI28: 200 | AN28: Active | AO28: Laser Saber: | AP28: Bite attack. Targets a single opponent. | AQ28: 230 | AR28: Melee, Piercing | AS28: 15 | AT28: Assist | BA28: Weapon and Assist | BH28: Weapon and Assist | BM28: Assist
A29: Liger Aero | B29: Shield Liger | C29: Lion | D29: Large | E29: 13 | F29: 230 | G29: 22 | H29: 23 | I29: 280 | J29: 19 | K29: 500 | L29: 30 | M29: Shock Gun: | N29: Chest mounted cannon. Targets a single opponent. | O29: 170 | P29: Ranged, Explosive | Q29: 17 | S29: Energy Shield: | T29: Deploys a curved semi domed shield in front of the Zoid. Blocks 300 damage before dispersing. | X29: 300 | AC29: Active | AD29: Laser Saber: | AE29: Bite attack. Targets a single opponent. | AF29: 200 | AG29: Melee, Piercing, Energy | AH29: 17 | AT29: Assist | BA29: Weapon and Assist | BH29: Weapon and Assist | BM29: Assist
A30: Saberlion | C30: Lion | D30: Small | E30: 3 | F30: 90 | G30: 18 | H30: 8 | I30: 255 | J30: 18 | K30: 500 | L30: 20 | M30: High Frequency Wave Claw: | N30: Claw attack. Targets a single opponent. | O30: 35 | P30: Melee, Slashing | Q30: 17 | S30: High Frequency Wave Blade: | T30: Blade on top of head flips down. Targets a single opponent. | U30: 70 | V30: Melee, Slashing | W30: 13 | AD30: Smoke Unit: | AE30: Deploys smoke in a 30m square. While in the smoke attacks have disadvantage against you. Lasts three turns. | AN30: Active | AO30: High Frequency Wave Fang: | AP30: Bite attack. Targets a single opponent. | AQ30: 40 | AR30: Melee, Piercing | AS30: 16 | AT30: Assist | BA30: Weapon and Assist | BH30: Weapon and Assist | BM30: Assist
A31: Command Wolf | C31: Wolf | D31: Medium | E31: 4 | F31: 120 | G31: 22 | H31: 10 | I31: 210 | J31: 14 | K31: 800 | L31: 30 | M31: Smoke Unit: | N31: Deploys smoke in a 60m square. While in the smoke the attacks against the Zoid have disadvantage. Lasts three turns | R31: Active | S31: Bite Fang: | T31: Bite attack. Targets a single opponent. | U31: 60 | V31: Melee, Piercing | W31: 13 | AT31: Weapon and Assist | AU31: Double Beam Cannon: back mounted energy cannon. Targets a single opponent. Ranged (Command Wolf Only) | AW31: 70 | AX31: Energy | AY31: 14 | AZ31: 13 | BA31: Weapon and Assist | BH31: Weapon and Assist | BM31: Assist
A32: Command Wolf Town | B32: Command Wolf | C32: Wolf | D32: Medium | E32: 5 | F32: 140 | G32: 22 | H32: 12 | I32: 195 | J32: 12 | K32: 600 | L32: 25 | M32: Rocket Gun: | N32: Back mounted rocket pods. Targets up to two opponents. Fires two rockets, each dealing half the damage. | O32: 50 | P32: Ranged, Explosive | Q32: 13 | S32: Smoke Unit: | T32: Deploys smoke in a 60m square. While in the smoke the attacks against the Zoid have disadvantage. Lasts three turns | AC32: Active | AD32: Bite Fang: | AE32: Bite attack. Targets a single opponent. | AF32: 85 | AG32: Melee, Piercing | AH32: 17 | AT32: Assist | BA32: Weapon and Assist | BH32: Weapon and Assist | BM32: Assist
A33: Command Wolf AC | B33: Command Wolf | C33: Wolf | D33: Medium | E33: 8 | F33: 170 | G33: 22 | H33: 12 | I33: 200 | J33: 14 | K33: 800 | L33: 30 | M33: Long Range Cannon: | N33: Back mounted cannon. Targets a single opponent. Minimum range of 100m. | O33: 95 | P33: Ranged, Explosive, Long Range | Q33: 18 | S33: Smoke Unit: | T33: Deploys smoke in a 60m square. While in the smoke the attacks against the Zoid have disadvantage. Lasts three turns | AC33: Active | AD33: Bite Fang: | AE33: Bite attack. Targets a single opponent. | AF33: 85 | AG33: Melee, Piercing | AH33: 13 | AT33: Assist | BA33: Weapon and Assist | BH33: Weapon and Assist | BM33: Assist
A34: Command Wolf IS | B34: Command Wolf | C34: Wolf | D34: Medium | E34: 11 | F34: 180 | G34: 22 | H34: 16 | I34: 200 | J34: 15 | K34: 800 | L34: 25 | M34: Smoke Unit: | N34: Deploys smoke in a 60m square. While in the smoke the attacks against the Zoid have disadvantage. Lasts three turns | R34: Active | S34: Bite Fang: | T34: Bite attack. Targets a single opponent. | U34: 120 | V34: Melee, Piercing | W34: 14 | AT34: Weapon and Assist | AU34: Long Rang Rifle: | AV34: back mounted rifle. Targets a single opponent. Minimum range of 100m. Ranged (Command Wolf Only) | AW34: 130 | AX34: Piercing, Long Range | AY34: 19 | AZ34: 18 | BA34: Weapon and Assist | BH34: Weapon and Assist | BM34: Assist
A35: Cerberus | B35: Command Wolf | C35: Wolf | D35: Medium | E35: 16 | F35: 200 | G35: 23 | H35: 20 | I35: 190 | J35: 13 | K35: 1200 | L35: 30 | M35: Double Beam Cannon: | N35: Back mounted energy cannon. Targets a single opponent. | O35: 220 | P35: Ranged, Energy | Q35: 18 | S35: Beam Vulcan: | T35: Shoulder mounted energy cannon. Targets a single opponent. | U35: 80 | V35: Ranged, Energy | W35: 17 | AD35: Smoke Unit: | AE35: Deploys smoke in a 60m square. While in the smoke the attacks against the Zoid have disadvantage. Lasts three turns | AN35: Active | AO35: Double Fang: | AP35: Bite attack. Targets a single opponent. | AQ35: 180 | AR35: Melee, Piercing | AS35: 13 | AT35: Assist | BA35: Weapon and Assist | BH35: Weapon and Assist | BM35: Assist
A36: Climber Wolf | B36: Command Wolf | C36: Wolf | D36: Medium | E36: 8 | F36: 130 | G36: 22 | H36: 10 | I36: 200 | J36: 14 | K36: 800 | L36: 30 | M36: Double Laser: | N36: Back mounted laser cannon. Targets a single opponent. If damage exceeds remaining Zoids health the remaining energy bolts continues in a straight line. | O36: 50 | P36: Ranged, Penetrate, Energy | Q36: 18 | S36: Bite Fang: | T36: Bite attack. Targets a single opponent. | U36: 85 | V36: Melee, Piercing | W36: 13 | AT36: Assist | BA36: Weapon and Assist | BH36: Weapon and Assist | BM36: Assist
A37: Shadow Fox | C37: Wolf | D37: Medium | E37: 12 | F37: 220 | G37: 22 | H37: 20 | I37: 290 | J37: 18 | K37: 1000 | L37: 35 | M37: Electro-Magnetic Bite Fang: | N37: Bite attack. Targets a single opponent. | O37: 180 | P37: Melee, Piercing | Q37: 14 | S37: Smoke Unit: | T37: Deploys smoke in a 60m square. While in the smoke the attacks against the Zoid have disadvantage. Lasts three turns | AC37: Active | AD37: Strike Laser Claw: | AE37: Claw attack. Targets a single opponent. | AF37: 220 | AG37: Melee, Slashing, Energy | AH37: 15 | AT37: Weapon and Assist | AU37: Laser Vulcan Gun: back mounted gun. Targets up to three Zoids. Ranged (Shadow Fox Only) | AW37: Shoots three bursts of 3D10 | AX37: Energy | AY37: 17 | BA37: Weapon and Assist | BH37: Weapon and Assist | BM37: Assist | BN37: Optical Camouflage: | BQ37: Self targeting stealth generator. Turns the Zoid "invisible". Lasts for three turns. Attack rolls have disadvantage against your Zoid. | BR37: 5 | BT37: Active
A38: Konig Wolf | C38: Wolf | D38: Large | E38: 13 | F38: 250 | G38: 22 | H38: 28 | I38: 290 | J38: 18 | K38: 500 | L38: 200 | M38: Strike Claw: | N38: Claw attack. Targets a single opponent. | O38: 190 | P38: Melee, Slashing | Q38: 15 | S38: Head Gear: | T38: Gain +20 to Hit. Lasts three turns. | Z38: 20 | AC38: Active | AD38: Electron Bite Fang: | AE38: Bite attack. Targets a single opponent. Melee | AF38: 180 | AG38: Melee, Piercing | AH38: 14 | AT38: Weapon and Assist | BA38: Weapon and Assist | BH38: Weapon and Assist | BM38: Assist
A39: Konig Wolf DSR (CAU) | B39: Konig Wolf | C39: Wolf | D39: Large | E39: 13 | F39: 280 | G39: 22 | H39: 28 | I39: 290 | J39: 7 | K39: 500 | L39: 40 | M39: Strike Claw: | N39: Claw attack. Targets a single opponent. | O39: 190 | P39: Melee, Slashing | Q39: 15 | S39: Dual Sniper Rifle: | T39: Back mounted foldable dual snipers. Targets a single opponent. | U39: 300 | V39: Ranged, Piercing, Long Range | W39: 19 | AD39: Head Gear: | AE39: Increases hit rate. Gain +20 to Hit. Lasts three turns | AK39: 20 | AN39: Active | AO39: Electron Bite Fang: | AP39: Bite attack. Targets a single opponent. | AQ39: 180 | AR39: Melee, Piercing | AS39: 14 | AT39: Assist | BA39: Weapon and Assist | BB39: 5-Shot Missile Pod: | BC39: 120 | BD39: Outside shoulder mounted missie pods. Targets an area 45m by 90m. Opponents in the area of effect must make a reaction save against the attack roll. Successful saves take no damage. (Konig Wolf Only) | BE39: 19 | BF39: Ranged, Explosive | BG39: 18 | BH39: Weapon and Assist | BM39: Assist
A40: Iron Kong | C40: Gorilla | D40: Large | E40: 10 | F40: 240 | G40: 23 | H40: 25 | I40: 150 | J40: 6 | K40: 600 | L40: 50 | M40: 6-shot Missile Pod: | N40: Shoulder mouted missile pod. Targets an area 45m by 90m. Opponents in the area of effect must make a reaction save against the attack roll. Successful saves take no damage. | O40: 70 | P40: Ranged, Homing, Explosive | Q40: 13 | S40: 10-Shot Rocket: | T40: Back mounted rocket pod. Targets an area 90m by 90m. Opponents in the area of effect must make a reaction save against the attack roll. Successful saves take no damage. | U40: 60 | V40: Ranged, Explosive | W40: 13 | AD40: Hammer Knuckle: | AE40: Punch attack. Targets a single opponent. Melee | AF40: 150 | AG40: Melee, Bludgeon | AH40: 15 | AT40: Assist | BA40: Weapon and Assist | BH40: Weapon and Assist | BM40: Assist
A41: Iron Kong PK | B41: Iron Kong | C41: Gorilla | D41: Large | E41: 15 | F41: 330 | G41: 25 | H41: 60 | I41: 170 | J41: 12 | K41: 1000 | L41: 50 | M41: Beam Launcher: | N41: Right shoulder mounted energy gun. Targets up to two opponents. Shoots two bursts of energy. Damage is split between the bursts. | O41: 120 | P41: Ranged, Energy | Q41: 17 | S41: 10-shot Rocket: | T41: Left shoulder mounted rocket pods. Targets an area 90m by 90m. | U41: 60 | V41: Ranged, Explosive | W41: 13 | AD41: Pulse Laser Gun: | AE41: Left forearm mounted laser gun. Targets up two two opponents. | AF41: 130 | AG41: Ranged, Energy | AH41: 18 | AO41: Hammer Knuckle: | AP41: Punch attack. Targets a single opponent. | AQ41: 230 | AR41: Melee, Bludgeon | AS41: 15 | AT41: Assist | BA41: Weapon and Assist | BH41: Weapon and Assist | BM41: Assist
A42: Iron Kong Maneuver | B42: Iron Kong | C42: Gorilla | D42: Large | E42: 12 | F42: 260 | G42: 23 | H42: 30 | I42: 180 | J42: 14 | K42: 600 | L42: 45 | M42: 6-shot Missile Pod: | N42: Right Shoulder mounted missile pod. Targets an area 30m by 60m. Opponents in the area of effect must make a reaction save against the attack roll. Successful saves take no damage. | O42: 100 | P42: Ranged, Explosive | Q42: 18 | S42: 10-Shot Rocket: | T42: Left shoulder mounted rocket pod. Targets an area 60m by 60m. Opponents in the area of effect must make a reaction save against the attack roll. Successful saves take no damage. | U42: 60 | V42: Ranged, Explosive | W42: 13 | AD42: High mobility Unit: | AE42: Increased reaction. Gain +10 to reaction. Lasts three turns | AL42: 10 | AN42: Active | AO42: Hammer Knuckle: | AP42: Punch attack. Targets a single opponent. | AQ42: 200 | AR42: Melee, Bludgeon | AS42: 15 | AT42: Assist | BA42: Weapon and Assist | BH42: Weapon and Assist | BM42: Assist
A43: Iron Kong SS | B43: Iron Kong | C43: Gorilla | D43: Large | E43: 14 | F43: 300 | G43: 23 | H43: 50 | I43: 160 | J43: 13 | K43: 1000 | L43: 55 | M43: Beam Gatling: | N43: Right shoulder mounted energy gatling gun. Targets up to two opponents. Max range of 150m. Shoots two bursts of energy. Damage is split between the bursts. | O43: 90 | P43: Ranged, Energy, Close Range | Q43: 16 | S43: 10-Shot Rocket: | T43: Left shoulder mounted rocket pods. Targets an area 60m by 60m. Opponents in the area of effect must make a reaction save against the attack roll. Successful saves take no damage. | U43: 60 | V43: Ranged, Explosive | W43: 16 | AD43: Pulse Laser Gun: | AE43: Left forearm mounted laser gun. Targets a single opponent. If damage exceeds the reaming health of the target Zoid the remains energy damage will continue on. | AF43: 130 | AG43: Ranged, Penetrate, Energy | AH43: 18 | AO43: Hammer Knuckle: | AP43: Punch attack. Targets a single opponent. | AQ43: 220 | AR43: Melee, Bludgeon | AS43: 15 | AT43: Assist | BA43: Weapon and Assist | BH43: Weapon and Assist | BM43: Assist
A44: Iron Drill | B44: Iron Kong | C44: Gorilla | D44: Large | E44: 15 | F44: 350 | G44: 23 | H44: 50 | I44: 150 | J44: 11 | K44: 1200 | L44: 55 | M44: Beam Bazooka: | N44: Shoulder mounted energy cannon. Targets a single opponent. | O44: 260 | P44: Ranged, Energy | Q44: 17 | S44: Iron Knuckle: | T44: Punch attack. Targets a single opponent. | U44: 220 | V44: Melee, Bludgeon | AT44: Assist | BA44: Weapon and Assist | BH44: Weapon and Assist | BM44: Assist
A45: Hammer Rock | C45: Gorilla | D45: Small | E45: 6 | F45: 110 | G45: 26 | H45: 13 | I45: 180 | J45: 12 | K45: 200 | L45: 20 | M45: Vulcan Pack: | N45: Left shoulder mounted rocket pods. Targets up to two opponents. Shoots two rockets. Damage is split between the rockets. | O45: 30 | P45: Ranged, Anti-Air, Explosive | Q45: 16 | S45: Multi Beam Gun: | T45: Right shoulder mounted energy gun. Targets a single opponent. | U45: 65 | V45: Ranged, Anti-Air, Energy | W45: 16 | AD45: Hammer Knuckle: | AE45: Punch attack. Targets a single opponent. | AF45: 60 | AG45: Melee, Bludgeon | AH45: 18 | AT45: Assist | BA45: Weapon and Assist | BH45: Weapon and Assist | BM45: Assist
A46: Dibison | C46: Mammal | D46: Large | E46: 14 | F46: 300 | G46: 24 | H46: 25 | I46: 130 | J46: 10 | K46: 700 | L46: 50 | M46: 8-Missile Pod: | N46: Forward mounted missile pods. Targets an area 90m by 90m. | O46: 85 | P46: Ranged, Homing, Explosive | Q46: 18 | S46: 3-Barrel Acceleration Shock Cannon: | T46: Chest mounted triple barreled cannon. Targets a single opponent. | U46: 140 | V46: Ranged, Explosive | W46: 17 | AD46: Megalo Max: | AE46: Back mounted energy cannons. Targets an area 90m by 90m. Opponents in the area must make a reaction save against the attack roll. Successful saves take no damage. | AF46: 230 | AG46: Ranged, Energy | AH46: 15 | AO46: Crusher Horn: | AP46: Horn attack. Targets a single opponent. | AQ46: 180 | AR46: Melee Piercing | AS46: 12 | AT46: Assist | BA46: Weapon and Assist | BH46: Weapon and Assist | BM46: Assist
A47: Gravity Bison | C47: Mammal | D47: Large | E47: 16 | F47: 320 | G47: 25 | H47: 33 | I47: 120 | J47: 11 | K47: 800 | L47: 50 | M47: Maneuver Missiles: | N47: Forward facing missile pods. Targets up to two opponents. Two missiles each dealing 5D10 explosive | O47: 100 | P47: Ranged, Homing, Explosive | Q47: 18 | S47: 3-Barrel Anti-Zoid Shock cannon: | T47: Chest mounted cannons. Targets a single opponent. | U47: 160 | V47: Ranged, Explosive | W47: 14 | AD47: 20-barrel Assault Gun: | AE47: Back mounted cannons. Targets an area 90m by 90m. Opponents in the area of effect must make a reaction save against the attack roll. Successful saves take no damage. | AF47: 180 | AG47: Ranged, Piercing | AH47: 13 | AO47: Drill Horn: | AP47: Horn attack. Targets a single opponent. | AQ47: 210 | AR47: Melee, Piercing | AS47: 12 | AT47: Assist | BA47: Weapon and Assist | BH47: Weapon and Assist | BM47: Assist
A48: Black Rhimos | C48: Mammal | D48: Medium | E48: 3 | F48: 150 | G48: 27 | H48: 11 | I48: 180 | J48: 10 | K48: 350 | L48: 40 | M48: Large Electro-Magnetic Cannon: | N48: Back mounted electric cannon. Targets up to two opponents, the second must be within 50m of the first. Opponents damaged by this attack must make a percentile roll. if the roll is a 49 or lower the Zoid is frozen. At the end of their turn they may roll again to unfreeze. | O48: 25 | P48: Ranged, Freeze, Electical | Q48: 14 | S48: Double Shock Cannon: | T48: Chest mounted cannon. Targets a single opponent. | U48: 80 | V48: Ranged, Explosive | W48: 14 | AD48: Hard Drill: | AE48: Horn attack. Targets a single opponent. | AF48: 73 | AG48: Melee, Piercing | AH48: 12 | AT48: Assist | BA48: Weapon and Assist | BH48: Weapon and Assist | BM48: Assist
A49: Cyclops | C49: Mammal | D49: Medium | E49: 25 | F49: 400 | G49: 28 | H49: 65 | I49: 180 | J49: 13 | K49: 100 | L49: 60 | M49: Iron Cannon: | N49: Back mounted cannon. Targets a single opponent. | O49: 300 | P49: Ranged, Explosive | Q49: 10 | S49: Smoke Sprayer: | T49: Deploys smoke in a 60m square around the Zoid. While the Zoid is in the smoke attack rolls against it have disadvantage. Lasts for three turns. | AC49: Active | AD49: Long Spear: | AE49: Horn attack. Targets a single opponent. | AF49: 500 | AG49: Melee, Piercing | AH49: 10 | AT49: Assist | BA49: Weapon and Assist | BH49: Weapon and Assist | BM49: Assist
A50: Cyclops 2 | C50: Mammal | D50: Medium | E50: 25 | F50: 380 | G50: 29 | H50: 65 | I50: 180 | J50: 13 | K50: 100 | L50: 60 | M50: Iron Cannon: | N50: Back mounted cannon. Targets a single opponent. | O50: 300 | P50: Ranged, Explosive | Q50: 10 | S50: Smoke Sprayer: | T50: Deploys smoke in a 60m square around the Zoid. While the Zoid is in the smoke attacks against it have disadvantage. Lasts for three turns | AC50: Active | AD50: Split Horn: | AE50: Horn attack. Targets a single opponent. | AF50: 350 | AG50: Melee, Bludgeon | AH50: 12 | AT50: Assist | BA50: Weapon and Assist | BH50: Weapon and Assist | BM50: Assist
A51: Elephander | C51: Mammal | D51: Large | E51: 14 | F51: 350 | G51: 25 | H51: 50 | I51: 130 | J51: 10 | K51: 800 | L51: 70 | M51: Double Beam Gun: | N51: Head mounted energy gun. Targets up to two opponents. Shoots two beams that each deal 5D8 energy | O51: 80 | P51: Ranged, Energy | Q51: 17 | S51: Beam Gun: | T51: Trunk mounted energy gun. Targets a single opponent. | U51: 250 | V51: Ranged, Energy | W51: 17 | AD51: Pulse Laser Gun: | AE51: Back mounted energy gun. Targets a single opponents. If the damage exceeds there remaining health of the Zoid the beam pierces through and continues on dealing the reaming damage. | AF51: 100 | AG51: Ranged, Piercing, Anti-Air, Energy | AH51: 18 | AO51: Crusher Tusk: | AP51: Tusk slash attack. Targets a single opponent. | AQ51: 230 | AR51: Melee, Slashing | AS51: 14 | AT51: Assist | BA51: Weapon and Assist | BH51: Weapon and Assist | BM51: Assist
A52: Elephander AG | B52: Elephander | C52: Mammal | D52: Large | E52: 16 | F52: 350 | G52: 25 | H52: 20 | I52: 130 | J52: 10 | K52: 600 | L52: 70 | M52: Double Bream Gun: | N52: Head mounted energy gun. Targets up to two opponents. Shoots two beams that each deal 5D8 energy | O52: 80 | P52: Ranged, Energy | Q52: 17 | S52: Hyper Laser Gun: | T52: Trunk mounted energy gun. Targets a single opponent. If the damage exceeds the remaining health of the opponent it pierces through and continues on with the remaining damage. | U52: 150 | V52: Ranged, Penetrate, Energy | W52: 19 | AD52: Assault Gatling: | AE52: Back mounted energy gatling. Targets up to three opponents. Shoots three bursts of 5D10 energy. | AF52: 150 | AG52: Ranged, Anti-Air, Energy, Close Range | AH52: 12 | AO52: Crusher Tusk: | AP52: Tusk slash attack. Targets a single opponent. | AQ52: 250 | AR52: Melee, Slashing | AS52: 14 | AT52: Assist | BA52: Weapon and Assist | BH52: Weapon and Assist | BM52: Assist
A53: Geno Saurer | C53: T-Rex | D53: Large | E53: 15 | F53: 300 | G53: 23 | H53: 40 | I53: 260 | J53: 13 | K53: 300 | L53: 40 | M53: Laser Gun: | N53: Top of head mounted energy gun. Targets a single opponent. | O53: 130 | P53: Ranged, Energy | Q53: 19 | S53: Charged Particle Cannon: | T53: Mouth fired particle cannon. Fires in straight line 30m wide. Opponents in the line of fire must make a reaction save against the attack roll successful saves take no damage. | U53: 200 | V53: Ranged, Particle | W53: 18 | AD53: Long Range Laser: | AE53: Back mounted energy gun. Targets a single opponent. If damage exceeds the remaining health of the Zoid the attack continues through with the remaining damage. | AF53: 75 | AG53: Ranged, Piercing, Energy, Long Range | AH53: 18 | AO53: Hyper Killer Claw: | AP53: Claw attack. Targets a single opponent. | AQ53: 200 | AR53: Melee, Slashing | AS53: 13 | AT53: Assist | BA53: Weapon and Assist | BH53: Weapon and Assist | BM53: Assist | CH53: 2
A54: Psycho Geno Saurer | B54: Geno Saurer | C54: T-Rex | D54: Large | E54: 15 | F54: 320 | G54: 23 | H54: 40 | I54: 260 | J54: 13 | K54: 300 | L54: 40 | M54: Vulcan: | N54: Head mounted gun. Targets a single opponent. | O54: 80 | P54: Ranged, Piercing | Q54: 17 | S54: Charged Particle Cannon: | T54: Mouth fired particle cannon. Straight line 30m wide. Opponents in the line of fire must make a reaction save against the attack roll successful saves take no damage. | U54: 200 | V54: Ranged, Particle | W54: 18 | AD54: Long Range Laser: | AE54: Back mounted energy cannon. Targets a single opponent. If damage exceeds the remaining health of the opponent the attack pierces through and continues on with remaining damage. | AF54: 75 | AG54: Ranged, Piercing, Energy, Long Range | AH54: 18 | AO54: Hyper Killer Claw: | AP54: Claw attack. Targets a single opponent. Melee | AQ54: 200 | AR54: Melee, Slashing | AS54: 13 | AT54: Assist | BA54: Weapon and Assist | BH54: Weapon and Assist | BM54: Assist | CH54: 2
A55: Geno Breaker | B55: Geno Saurer | C55: T-Rex | D55: Large | E55: 15 | F55: 400 | G55: 24 | H55: 50 | I55: 345 | J55: 14 | K55: 300 | L55: 50 | M55: X Breaker: | N55: Large forward facing pincers. Targets a single opponent. | O55: 250 | P55: Melee, Piercing | Q55: 12 | S55: Focused Charged Particle Cannon: | T55: Mouth fired particle cannon. Fires in a straight line 15m wide. | U55: 300 | V55: Ranged, Particle | W55: 19 | AD55: Laser Blade: | AE55: Head mounted energy blade attack. Targets a single opponent. | AF55: 250 | AG55: Melee, Slashing, Energy | AH55: 14 | AO55: Hyper Killer Claw: | AP55: Claw attack. Targets a single opponent. Melee | AQ55: 200 | AR55: Melee, Slashing | AS55: 13 | AT55: Assist | BA55: Weapon and Assist | BH55: Weapon and Assist | BM55: Assist | CH55: 1
A56: Proto Breaker | B56: Geno Saurer | C56: T-Rex | D56: Large | E56: 16 | F56: 350 | G56: 22 | H56: 50 | I56: 330 | J56: 13 | K56: 300 | L56: 40 | M56: X Breaker: | N56: Side mounted blades rotate forward. Targets a single opponent. | O56: 230 | P56: Melee, Slashing | Q56: 12 | S56: Charged Particle Cannon: | T56: Mouth fired particle cannon. Fires in a straight line 30m wide. Opponents in the line of fire must make a reaction save against the attack roll. Successful saves take no damage. | U56: 200 | V56: Ranged, Particle | W56: 18 | AD56: Long Range Laser: | AE56: Back mounted energy gun. Targets a single opponent. | AF56: 75 | AG56: Ranged, Energy, Long Range | AH56: 18 | AO56: Hyper Killer Claw: | AP56: Claw attack. Targets a single opponent. Melee | AQ56: 200 | AR56: Melee, Slashing | AS56: 13 | AT56: Assist | BA56: Assist | BH56: Assist | BM56: Assist | CH56: 2
A57: Geno Scissors | B57: Geno Breaker | C57: T-Rex | D57: Large | E57: 18 | F57: 380 | G57: 23 | H57: 50 | I57: 320 | J57: 13 | K57: 350 | L57: 35 | M57: X Breaker: | N57: Forward facing blades. Targets a single opponent. | O57: 300 | P57: Melee, Slashing | Q57: 12 | S57: Focused Charged Particle Cannon: | T57: Mouth fired particle cannon. Fires in a 15m wide beam. Opponents in the line of fire must make a reaction save against the attack roll. Successful saves take no damage. | U57: 300 | V57: Ranged, Particle | W57: 19 | AD57: Assault Beam Cannon: | AE57: Back mounted energy cannon. Targets a single opponent. | AF57: 150 | AG57: Ranged, Energy | AH57: 17 | AO57: Hyper Killer Claw: | AP57: Claw attack. Targets a single opponent. Melee | AQ57: 200 | AR57: Melee, Slashing | AS57: 13 | AT57: Assist | BA57: Weapon and Assist | BH57: Weapon and Assist | BM57: Assist | CH57: 1
A58: Geno Trooper | B58: Geno Breaker | C58: T-Rex | D58: Large | E58: 18 | F58: 370 | G58: 22 | H58: 45 | I58: 2100 | J58: 4 | K58: 450 | L58: 30 | M58: Vulcan: | N58: Head mounted gun. Targets a single opponent. | O58: 80 | P58: Ranged, Anti-Air, Piercing | Q58: 17 | S58: Focused Charged Particle Cannon: | T58: Mouth fired particle cannon. Fires in a straight line 15m wide. Opponents in the line of fire must make a reaction save against the attack roll. Successful saves take no damage. | U58: 300 | V58: Ranged, Particle | W58: 19 | AD58: 4-Laser: | AE58: Back mounted laser cannons. Targets up to two opponents. Fires two beams of 6D10 energy | AF58: 120 | AG58: Ranged, Energy | AH58: 19 | AO58: Hyper Killer Claw: | AP58: Claw attack. Targets a single opponent. Melee | AQ58: 200 | AR58: Melee, Anti-Air, Slashing | AS58: 13 | AT58: Assist | BA58: Weapon and Assist | BH58: Weapon and Assist | BM58: Assist | CH58: 1
A59: Geno Flame | B59: Geno Saurer | C59: T-Rex | D59: Large | E59: 24 | F59: 450 | G59: 26 | H59: 60 | I59: 260 | J59: 13 | K59: 300 | L59: 45 | M59: EXPG Beam Cannon: | N59: Back mounted energy cannon. Targets a single opponent. | O59: 360 | P59: Ranged, Energy | Q59: 18 | S59: Diffused Charged Particle Cannon: | T59: Mouth fired particle cannon. Fires in a line 60m wide. Opponents in the line of fire must make a reaction save against the attack roll. Successful saves take no damage. | U59: 250 | V59: Ranged, Particle | W59: 17 | AD59: Hyper Energy Shield: | AE59: Curved energy shield. Blocks 400 damage before dispersing. | AI59: 400 | AN59: Active | AO59: Flame Claw: | AP59: Claw attack. Targets a single opponent. Melee | AQ59: 230 | AR59: Melee, Slashing | AS59: 15 | AT59: Assist | BA59: Weapon and Assist | BH59: Weapon and Assist | BM59: Assist | CH59: 1
A60: Berserk Fury | C60: T-Rex | D60: Large | E60: 20 | F60: 380 | G60: 24 | H60: 50 | I60: 340 | J60: 14 | K60: 450 | L60: 45 | M60: Buster Claw: | N60: Claw attack. Targets a single opponent. | O60: 280 | P60: Melee, Slashing | Q60: 12 | S60: Diffuse Particle Cannon: | T60: Mouth fired particle cannon. Fires in a straight line 30m wide. Opponents in the line of fire must make a reaction save against the attack roll. Successful saves take no damage. | U60: 250 | V60: Ranged, Anti-Air, Particle | W60: 17 | AD60: Energy Shield: | AE60: Curved energy shield. Blocks 400 damage before dispersing. | AI60: 400 | AN60: Active | AO60: Strike Laser Claw: | AP60: Energy claw attack. Targets a single opponent. Melee | AQ60: 230 | AR60: Melee, Slashing, Energy | AS60: 15 | AT60: Assist | BA60: Weapon and Assist | BH60: Weapon and Assist | BM60: Assist | CH60: 1
A61: Sturm Fury (CAU) | B61: Berserk Fury | C61: T-Rex | D61: Large | E61: 20 | F61: 420 | G61: 25 | H61: 65 | I61: 360 | J61: 15 | K61: 360 | L61: 40 | M61: X Breaker: | N61: Slashing attack. Targets a single opponent. | O61: 360 | P61: Melee, Slashing | Q61: 12 | S61: Diffuse Particle Cannon: | T61: Mouth fired energy cannon. Fires in a line 30m wide. Opponents in the line of fire must make a reaction save against the attack roll. Successful saves take no damage. | U61: 250 | V61: Ranged, Anti-Air, Particle | W61: 17 | AD61: Strike Laser Claw: | AE61: Energy claw attack. Targets a single opponent. | AF61: 250 | AG61: Melee, Slashing, Energy | AH61: 15 | AT61: Assist | BA61: Weapon and Assist | BH61: Weapon and Assist | BM61: Assist | CH61: 1
A62: Jagd Fury (CAU) | B62: Berserk Fury | C62: T-Rex | D62: Large | E62: 20 | F62: 420 | G62: 26 | H62: 65 | I62: 290 | J62: 13 | K62: 450 | L62: 40 | M62: Long Range Cannon: | N62: Back mounted cannon. | O62: 350 | P62: Ranged, Anti-Air, Explosive, Long Range | Q62: 12 | S62: Diffuse Particle Cannon: | T62: Mouth fired energy damage. Fires in a straight line 30m wide. | U62: 250 | V62: Ranged, Anti-Air, Particle | W62: 17 | AD62: Missile Pod: | AE62: Back mounted missile pod. Targets an area 90m by 90m. | AF62: 170 | AG62: Ranged, Homing, Explosive | AH62: 18 | AO62: Strike Laser Claw: | AP62: Energy claw attack. Targets a single opponent. Melee | AQ62: 210 | AR62: Melee, Slashing, Energy | AS62: 15 | AT62: Assist | BA62: Weapon and Assist | BH62: Weapon and Assist | BM62: Assist | CH62: 1
A63: Berserk Fury Z (CAU) | B63: Berserk Fury | C63: T-Rex | D63: Large | E63: 20 | F63: 530 | G63: 25 | H63: 75 | I63: 600 | J63: 16 | K63: 500 | L63: 50 | M63: 12-Shot Missile Pod: | N63: Back mounted missile pod. Targets up to four Zoids. Shoots four clusters of missiles dealing 6D10 explosive | O63: 240 | P63: Ranged, Explosive, Homing | Q63: 18 | S63: Diffuse Particle Cannon: | T63: Mouth fired particle cannon. Fires in a straight line 30m wide. Opponents in the line of fire must make a reaction save against the attack roll. Successful saves take no damage. | U63: 250 | V63: Ranged, Anti-Air, Particle | W63: 17 | AD63: Strike Laser Claw: | AE63: Energy claw attack. Targets a single opponent. | AF63: 350 | AG63: Melee, Slashing, Energy | AH63: 15 | AT63: Assist | BA63: Weapon and Assist | BH63: Weapon and Assist | BM63: Assist | CH63: 1
A64: Geno Hydra | C64: T-Rex | D64: Large | E64: 24 | F64: 370 | G64: 24 | H64: 43 | I64: 340 | J64: 14 | K64: 400 | L64: 35 | M64: Gatling Head: | N64: Left mounted gatling gun. Targets an area 30m by 90m. | O64: 90 | P64: Ranged, Energy, Close Range | Q64: 16 | S64: Saucer Head: | T64: Right arm mounted blade. Targets a single opponent. | U64: 250 | V64: Melee, Slashing | W64: 13 | AD64: Diffused Charged Particle Cannon: | AE64: Mouth fired energy cannon. Fires in a straight line 45m wide. Opponents in the line of fire must make a reaction saving throw against the attack roll. Successful saves take no damage. | AF64: 250 | AG64: Ranged, Anti-Air, Energy | AH64: 17 | AO64: Claw Head: | AP64: Blade head attack. Targets a single opponent. | AQ64: 150 | AR64: Melee, Slashing | AS64: 15 | AT64: Weapon and Assist | BA64: Weapon and Assist | BH64: Weapon and Assist | BM64: Assist | CI64: 1
A65: Geno Hydra KA | B65: Geno Hydra | C65: T-Rex | D65: Large | E65: 26 | F65: 430 | G65: 25 | H65: 60 | I65: 350 | J65: 15 | K65: 400 | L65: 30 | M65: Plasma Cannon: | N65: Back mounted energy cannon. Targets an area 60m by 60m. Opponents in the area of effect must make a reaction save against the attack roll. Successful saves take no damage. | O65: 300 | P65: Ranged, Energy | Q65: 16 | S65: Diffused Charged Particle Cannon: | T65: Mouth fired particle cannon. Fires in a straight line 30m wide. Opponents in the line of fire must make a reaction saving throw against the attack roll. Successful saves take no damage. | U65: 250 | V65: Ranged, Particle | W65: 17 | AD65: Tail Claw: | AE65: Tail slashing attack. Targets a single opponent. | AF65: 230 | AG65: Melee, Slashing | AH65: 15 | AT65: Assist | BA65: Weapon and Assist | BH65: Weapon and Assist | BM65: Assist | CH65: 1
A66: Dark Spiner | C66: Dinosaur, Land | D66: Large | E66: 14 | F66: 310 | G66: 23 | H66: 43 | I66: 240 | J66: 12 | K66: 800 | L66: 50 | M66: 114mm Machine Gun: | N66: Back mounted machine gun. Targets up to two opponents. Shoots two bursts of 6D12 piercing. | O66: 140 | P66: Ranged, Piercing | Q66: 19 | S66: Double Cannon: | T66: Back mounted cannons. Targets a single opponent. | U66: 130 | V66: Ranged, Explosive | W66: 16 | AD66: Jamming Blade: | AE66: Back sail discharges electricity. Targets an area 90m by 90m. Opponents in the area of effect must make a reaction save against the attack roll. Successful saves take no damage. | AF66: 130 | AG66: Ranged, Electric | AH66: 14 | AO66: Electro-Magnetic Fang: | AP66: Bite attack. Targets a single opponent. Opponents damaged by this attack must make a percentile roll. If the roll is 49 or lower their Zoid is frozen. At the end of their turn they may roll again to unfreeze. | AQ66: 100 | AR66: Melee, Freeze, Piercing, Electric | AS66: 12 | AT66: Assist | BA66: Weapon and Assist | BH66: Weapon and Assist | BM66: Assist
A67: Killer Spiner | B67: Dark Spiner | C67: Dinosaur, Land | D67: Large | E67: 21 | F67: 380 | G67: 23 | H67: 75 | I67: 260 | J67: 13 | K67: 300 | L67: 60 | M67: Laser Cannon: | N67: Fired from crab. Targets a single opponent. | O67: 260 | P67: Ranged, Energy | Q67: 18 | S67: Pulse Laser Cannon: | T67: Close range energy cannon fired from crab. Max range of 75m. Targets a single opponent. | U67: 130 | V67: Ranged, Energy, Close Range | W67: 17 | AD67: 3D Energy Radar: | AE67: Increase hit rate for self and ally's. Gain +10 to Hit. Lasts for three turns. Gain +20 against flying Zoids. | AG67: Anti-Air | AK67: 10 | AN67: Active | AO67: Giant Crab: | AP67: Crab claw attack. Targets a single opponent. | AQ67: 200 | AR67: Melee, Piercing | AS67: 14 | AT67: Assist | BA67: Weapon and Assist | BH67: Weapon and Assist | BM67: Assist
A68: Gun Sniper | C68: Raptor | D68: Small | E68: 5 | F68: 130 | G68: 20 | H68: 10 | I68: 200 | J68: 12 | K68: 1200 | L68: 20 | M68: Beam Machine Gun: | N68: Hand mounted energy guns. Targets up to two opponents. Shoots two burts of 2D10 energy. | O68: 40 | P68: Ranged, Energy | Q68: 18 | S68: 8-Missile Pod: | T68: Back mounted missile pod. Targets an area 30m by 30m. Opponents on the area of effect must make a reaction save against the attack roll. Successful saves take no damage. | U68: 30 | V68: Ranged, Homing, Energy | W68: 18 | AD68: Sniper Rifle: | AE68: Tail stiffens, claws clamp into the ground. Targets a single opponent. Minimum range of 75m. | AF68: 70 | AG68: Ranged, Piercing, Long Range | AH68: 19 | AO68: Anchro Claw: | AP68: Claw attack. Targets a single opponent. | AQ68: 65 | AR68: Melee, Piercing | AS68: 13 | AT68: Assist | BA68: Weapon and Assist | BH68: Weapon and Assist | BM68: Assist
A69: Gun Sniper Weasel | B69: Gun Sniper | C69: Raptor | D69: Small | E69: 6 | F69: 150 | G69: 22 | H69: 17 | I69: 160 | J69: 12 | K69: 800 | L69: 10 | M69: Beam Machine Gun: | N69: Left arm mounted energy gun. Targets up to two opponents. Shoots two bursts of 9D10 energy | O69: 180 | P69: Ranged, Energy | Q69: 18 | S69: 8-Missile Pod: | T69: Back mounted missile pods. Targets an area 45m by 45m. Opponents in the area of effect must make a reaction against the attack roll. Successful saves take no damage. | U69: 50 | V69: Ranged, Homing, Explosive | W69: 18 | AD69: Multi-Beam Gun: | AE69: Right arm mounted energy damage. Targets a single opponent. | AF69: 60 | AG69: Ranged, Explosive | AH69: 16 | AO69: Anchor Claw: | AP69: Claw attack. Targets a single opponent. | AQ69: 120 | AR69: Melee, Slashing | AS69: 13 | AT69: Assist | BA69: Assist | BH69: Assist | BM69: Assist
A70: Gun sniper LS | B70: Gun Sniper Weasel | C70: Raptor | D70: Small | E70: 12 | F70: 180 | G70: 22 | H70: 20 | I70: 120 | J70: 14 | K70: 600 | L70: 5 | M70: Missile Pod: | N70: Back mounted missile pods. Targets an area 45m by 45m. Opponents in the area of effect must make a reaction save against the attack roll. Successful saves take no damage. | O70: 65 | P70: Ranged, Homing, Explosive | Q70: 16 | S70: Beam Gatling: | T70: Shoulder mounted gatling guns. Targets a vertical area 30m by 90m. Opponents in the area of effect must make a reaction save against the attack roll. Successful saves take no damage. | U70: 70 | V70: Ranged, Piercing, Close Range | W70: 16 | AD70: Full Burst: | AE70: Launches all missiles. Targets an area 90m by 90m. Opponents in the area of effect must make a reaction save against the attack roll. Successful saves take no damage. | AF70: 160 | AG70: Ranged, Homing, Explosive | AH70: 16 | AO70: Anchor Claw: | AP70: Claw attack. Targets a single opponent. | AQ70: 120 | AR70: Melee, Slashing | AS70: 13 | AT70: Assist | BA70: Assist | BH70: Assist | BM70: Assist
A71: Gun Sniper NS | B71: Gun Sniper Weasel | C71: Raptor | D71: Small | E71: 12 | F71: 160 | G71: 22 | H71: 20 | I71: 200 | J71: 16 | K71: 3000 | L71: 20 | M71: Beam Machine Gun: | N71: Wrist mounted energy guns. Targets up to two opponents. Shoots two energy beams that deal 4D10 energy | O71: 80 | P71: Ranged, Energy | Q71: 18 | S71: 8-Missile Pod: | T71: Back mounted missile pods. Targets an area 45m by 45m. Opponents in the area of effect must make a reaction save against the attack roll. Successful saves take no damage. | U71: 65 | V71: Ranged, Homing, Explosive | W71: 18 | AD71: Sniper Rifle: | AE71: Tail stiffens, claws clamp into the ground. Targets a single opponent. Minimum range of 75m. | AF71: 160 | AG71: Ranged, Piercing, Long Range | AH71: 19 | AO71: Anchor Claw: | AP71: Claw attack. Targets a single opponent. | AQ71: 120 | AR71: Melee, Slashing | AS71: 13 | AT71: Assist | BA71: Weapon and Assist | BH71: Weapon and Assist | BM71: Assist
A72: Snipe Master | B72: Gun Sniper | C72: Raptor | D72: Small | E72: 8 | F72: 150 | G72: 21 | H72: 15 | I72: 195 | J72: 13 | K72: 800 | L72: 20 | M72: Zan Smasher: | N72: Front claw attack. Targets a single opponent. | O72: 100 | P72: Melee, Slashing | Q72: 15 | S72: Sniper Rifle: | T72: Tail stiffens, claws clamp into the ground. Targets a single opponent. Minimum range of 75m. | U72: 80 | V72: Ranged, Piercing, Long Range | W72: 19 | AD72: Bite Fang: | AE72: Bite attack. Targets a single opponent. | AF72: 85 | AG72: Melee, Piercing | AH72: 13 | AT72: Assist | BA72: Weapon and Assist | BH72: Weapon and Assist | BM72: Assist
A73: Snipe Master FB | B73: Snipe Master | C73: Raptor | D73: Small | E73: 10 | F73: 170 | G73: 23 | H73: 16 | I73: 205 | J73: 16 | K73: 1500 | L73: 10 | M73: Long Range Rifle: | N73: Back mounted rifle. Targets a single opponent. | O73: 80 | P73: Ranged, Piercing, Long Range | Q73: 18 | S73: Sniper Rifle: | T73: Tail stiffens, claws clamp into the ground. Targets a single opponent. Minimum range of 75m. | U73: 100 | V73: Ranged, Piercing, Long Range | W73: 19 | AD73: Flexible Booster: | AE73: Increases reaction. Gain +10 to reaction. Lasts three turns. | AL73: 10 | AN73: Active | AO73: Bite Fang: | AP73: Bite attack. Targets a single opponent. | AQ73: 95 | AR73: Melee, Piercing | AS73: 13 | AT73: Assist | BA73: Assist | BH73: Assist | BM73: Assist
A74: Snipe Master AS | B74: Snipe Master | C74: Raptor | D74: Small | E74: 10 | F74: 170 | G74: 26 | H74: 18 | I74: 190 | J74: 14 | K74: 1500 | L74: 10 | M74: Strike Tonfa: | N74: Claw attack. Targets a single opponent. | O74: 160 | P74: Melee, Slashing | Q74: 15 | S74: Sniper Rifle: | T74: Tail stiffens, claws clamp into ground. Targets a single opponent. Minimum range of 75m. | U74: 100 | V74: Ranged, Piercing, Long Range | W74: 19 | AD74: Beam Cannon: | AE74: Wrist mounted energy cannons. Targets a single opponent. | AF74: 150 | AG74: Ranged, Energy | AH74: 16 | AO74: Bite Fang: | AP74: Bite attack. Targets a single opponent. | AQ74: 95 | AR74: Melee, Piercing | AS74: 13 | AT74: Assist | BA74: Assist | BH74: Assist | BM74: Assist
A75: Rev Raptor | C75: Raptor | D75: Small | E75: 5 | F75: 120 | G75: 20 | H75: 10 | I75: 210 | J75: 13 | K75: 800 | L75: 20 | M75: Counter Scythe: | N75: Side mounted scythes flip forward. Targets a single opponent. | O75: 70 | P75: Melee, Slashing | Q75: 14 | S75: Hyper Claw: | T75: Claw attack. Targets a single opponent. | U75: 60 | V75: Melee, Slashing | W75: 15 | AT75: Assist | BA75: Weapon and Assist | BH75: Weapon and Assist | BM75: Assist
A76: Rev Raptor Pile Bunker | B76: Rev Raptor | C76: Raptor | D76: Small | E76: 5 | F76: 120 | G76: 22 | H76: 13 | I76: 205 | J76: 12 | K76: 600 | L76: 10 | M76: Counter Scythe: | N76: Side mounted scythes flip forward. Targets a single opponent. | O76: 130 | P76: Melee, Slashing | Q76: 12 | S76: Pile Bunker: | T76: Back mounted spear. Targets a single opponent. | U76: 150 | V76: Melee, Piercing | W76: 13 | AD76: Hyper Claw: | AE76: Claw attack. Targets a single opponent. | AF76: 100 | AG76: Melee, Slashing | AH76: 15 | AT76: Assist | BA76: Assist | BH76: Weapon and Assist | BM76: Assist
A77: Rev Hunter | B77: Rev Raptor | C77: Raptor | D77: Small | E77: 11 | F77: 200 | G77: 20 | H77: 20 | I77: 250 | J77: 13 | K77: 900 | L77: 25 | M77: Killer Lance: | N77: shoulder mounted claws. Targets a single opponent. | O77: 160 | P77: Melee, Piercing | Q77: 17 | S77: Hyper Claw: | T77: Claw attack. Targets a single opponent. | U77: 120 | V77: Melee, Piercing | W77: 17 | AT77: Assist | BA77: Weapon and Assist | BH77: Weapon and Assist | BM77: Assist
A78: Hellrunner | C78: Raptor | D78: Small | E78: 1 | F78: 30 | G78: 20 | H78: 9 | I78: 500 | J78: 8 | K78: 50 | L78: 15 | M78: Small Guided Missile: | N78: Back mounted missile launcher. Targets a single opponent. | O78: 25 | P78: Ranged, Explosive | Q78: 15 | S78: Hovering: | T78: Booster raises the Zoid above the ground to increase speed by 250. Lasts for three turns. | Y78: 250 | AC78: Active | AD78: Go for Broke: | AE78: Ramming attack. Targets a single opponent. | AF78: 20 | AG78: Melee, Bludgeon | AH78: 15 | AT78: Assist | BA78: Weapon and Assist | BH78: Weapon and Assist | BM78: Assist
A79: Ultra Saurus | C79: Dinosaur, Land | D79: Extra Lare | E79: 28 | F79: 1300 | G79: 28 | H79: 100 | I79: 50 | J79: 4 | K79: 400 | L79: 200 | M79: 8-Shot Missile Pod: | N79: Chest mounted missile pods. Targets an area 150m by 150m. | O79: 200 | P79: Ranged, Explosive, Homing | Q79: 18 | S79: Linear Cannon: | T79: Shoulder mounted cannon. Targets up to two opponents. Shoots two rounds that split the damage. | U79: 280 | V79: Ranged, Explosive | W79: 12 | AD79: Hyper Fang: | AE79: Bite attack. Targets a single opponent. | AF79: 300 | AG79: Melee, Piercing | AH79: 10 | AT79: Assist | BA79: Weapon and Assist | BH79: Weapon and Assist | BM79: Assist
A80: Ultra Phalanx | B80: Ultra Saurus | C80: Dinosaur, Land | D80: Extra Large | E80: 30 | F80: 1500 | G80: 28 | H80: 100 | I80: 40 | J80: 4 | K80: 400 | L80: 180 | M80: 8-Shot Missile Pod: | N80: Chest mounted missile pods. Targets an area 150m by 150m. Opponents in the area of effect must make a reaction save against the attack roll. Successful saves take no damage. | O80: 200 | P80: Ranged, Homing, Explosive | Q80: 18 | S80: 3-Shot Mortar: | T80: Back mounted mortar. Targets a horizontal area 60m by 120m. Minimum range of 200m. Opponents in the area of effect must make a reaction save against the attack roll. Successful saves take no damage. | U80: 400 | V80: Ranged, Explosive | W80: 12 | AD80: Chest Mortar: | AE80: Chest mounted mortar. Targets up to two opponents. Shoots two mortar rounds dealing 9D10 explosive. | AF80: 18D10 explosive | AG80: Ranged, Explosive | AH80: 15 | AO80: Hyper Bite Fang: | AP80: Bite attack. Targets a single opponent. | AQ80: 30D10 piercing | AR80: Melee, Piercing | AS80: 10 | AT80: Assist | BA80: Weapon and Assist | BH80: Weapon and Assist | BM80: Assist
A81: Gordos | C81: Dinosaur, Land | D81: Large Large | E81: 8 | F81: 250 | G81: 22 | H81: 14 | I81: 80 | J81: 8 | K81: 1000 | L81: 60 | M81: Beam Gun: | N81: Back mounted energy gun. Targets a single opponent. | O81: 80 | P81: Ranged, Energy | Q81: 17 | S81: Railgun: | T81: Back mounted railgun. Targets a single opponent. | U81: 70 | V81: Ranged, Piercing, Long Range | W81: 18 | AD81: GPS mine detection: | AE81: Increases the range by 1,000. Lasts three turns | AM81: 1000 | AN81: Active | AO81: Hyper Bite Fang: | AP81: Bite attack. Targets a single opponent. Melee | AQ81: 80 | AR81: Melee, Piercing | AS81: 12 | AT81: Assist | BA81: Weapon and Assist | BH81: Weapon and Assist | BM81: Assist
A82: Gorhecks | B82: Gordos | C82: Dinosaur, Land | D82: Medium | E82: 9 | F82: 150 | G82: 11 | H82: 8 | I82: 120 | J82: 8 | K82: 500 | L82: 35 | M82: Double Beam Cannon: | N82: Neck mounted energy cannon. Targets a single opponent. | O82: 70 | P82: Ranged, Energy | Q82: 16 | S82: 2-Missile: | T82: Belly mounted missile pods. Targets a horizontal area 30m by 60m. Opponents in the area must make a reaction save against the attack roll. Successful saves take no damage. | U82: 60 | V82: Ranged, Explosive, Homing | W82: 13 | AD82: 3D Antenna: | AE82: Increases to Hit by +4 | AK82: 4 | AN82: Active | AO82: Go For Broke: | AP82: Ramming attack. Targets a single opponent. | AQ82: 95 | AR82: Melee, Bludgeon | AS82: 15 | AT82: Assist | BA82: Weapon and Assist | BH82: Weapon and Assist | BM82: Assist
A83: Gordos LR | B83: Gordos | C83: Dinosaur, Land | D83: Large Large | E83: 10 | F83: 250 | G83: 22 | H83: 24 | I83: 60 | J83: 7 | K83: 1000 | L83: 20 | M83: 4-Barrel Shock Cannon: | N83: Side mounted cannon. Targets a single opponent. | O83: 140 | P83: Ranged, Explosive | Q83: 14 | S83: Long Range Cannon: | T83: Back mounted cannon. Targets a single opponent. | U83: 140 | V83: Ranged, Explosive | W83: 18 | AD83: GPS Mine Detector: | AE83: Increases range by +1,000. Lasts three turns. | AM83: 1000 | AN83: Active | AO83: Hyper Bite Fang: | AP83: Bite attack. Targets a single opponent. | AQ83: 150 | AR83: Melee, Piercing | AS83: 12 | AT83: Assist | BA83: Weapon and Assist | BH83: Weapon and Assist | BM83: Assist
A84: Red Horn | C84: Dinosaur, Land | D84: Large | E84: 8 | F84: 240 | G84: 28 | H84: 15 | I84: 130 | J84: 10 | K84: 300 | L84: 50 | M84: 3-Barrel Linear Cannon: | N84: Back mounted cannon. Targets a single opponent. | O84: 130 | P84: Ranged, Explosive | Q84: 16 | S84: Missile Pod: | T84: Back mounted missile pods. Targets a vertical area 45m wide and 90m long. | U84: 65 | V84: Ranged, Homing, Explosive | W84: 18 | AD84: Anti-Air Beam Cannon: | AE84: Back mounted energy cannon. Targets a single opponent. | AF84: 110 | AG84: Ranged, Anti-Air, Energy | AH84: 17 | AO84: Crusher Horn: | AP84: Horn attack. Targets a single opponent. | AQ84: 140 | AR84: Melee, Piercing | AS84: 12 | AT84: Assist | BA84: Weapon and Assist | BH84: Weapon and Assist | BM84: Assist
A85: Red Horn BG | B85: Red Horn | C85: Dinosaur, Land | D85: Large | E85: 10 | F85: 240 | G85: 28 | H85: 20 | I85: 130 | J85: 10 | K85: 300 | L85: 45 | M85: 3-Barrel Linear Cannon: | N85: Back mounted energy cannon. Targets a single opponent. | O85: 130 | P85: Ranged, Energy | Q85: 16 | S85: Missile Pod: | T85: Back mounted missile pods. Targets a vertical area 45m wide by 90m long. Opponents in the area of effect must make a reaction save against the attack roll. Successful saves take no damage. | U85: 65 | V85: Ranged, Homing, Explosive | W85: 18 | AD85: Energy Gatling: | AE85: Back mounted energy gatling. Targets a horizontal area 45m wide by 90m long. | AF85: 90 | AG85: Ranged, Energy, Close Range | AH85: 16 | AO85: Crusher Horn: | AP85: Horn attack. Targets a single opponent. | AQ85: 170 | AR85: Melee, Piercing | AS85: 12 | AT85: Assist | BA85: Weapon and Assist | BH85: Weapon and Assist | BM85: Assist
A86: Dark Horn | B86: Red Horn | C86: Dinosaur, Land | D86: Large | E86: 13 | F86: 300 | G86: 28 | H86: 35 | I86: 130 | J86: 10 | K86: 400 | L86: 55 | M86: 3-Barrel Linear Cannon: | N86: Back mounted energy cannon. Targets a single opponent. | O86: 220 | P86: Ranged, Energy | Q86: 16 | S86: Missile Pod: | T86: Back mounted missile pods. Targets a single opponent. Maximum range of 200m. | U86: 100 | V86: Ranged, Homing, Explosive, Close Range | W86: 18 | AD86: Energy Gatling: | AE86: Back mounted energy gatling. Targets a horizontal area 45m wide by 135m long. Maximum range of 200m. Opponents in the area of effect must make a reaction save against the attack roll. Successful saves take no damage. | AF86: 90 | AG86: Ranged, Energy, Close Range | AH86: 16 | AO86: Crusher Horn: | AP86: Horn attack. Targets a single opponent. | AQ86: 200 | AR86: Melee, Piercing | AS86: 12 | AT86: Assist | BA86: Weapon and Assist | BH86: Weapon and Assist | BM86: Assist
A87: Dark Horn HS | B87: Dark Horn | C87: Dinosaur, Land | D87: Large | E87: 14 | F87: 320 | G87: 28 | H87: 35 | I87: 130 | J87: 10 | K87: 400 | L87: 50 | M87: 3-Barrel Linear Cannon: | N87: Bottom back mounted energy cannon. Targets a single opponent. Maximum range of 200m. | O87: 220 | P87: Ranged, Energy, Close Range | Q87: 16 | S87: Hybrid Vulcan: | T87: Back mounted Gatling cannon. Targets a horizontal area 45m wide by 90m long. Targets in the area of effect must make a reaction save against the attack roll. Successful saves make take no damage. | U87: 100 | V87: Ranged, Energy, Close Range | W87: 16 | AD87: Beam Cannon: | AE87: Large back mounted energy cannon. Targets a single opponent. | AF87: 230 | AG87: Ranged, Energy | AH87: 17 | AO87: Crusher Horn: | AP87: Horn attack. Targets a single opponent. | AQ87: 200 | AR87: Melee, Piercing | AS87: 12 | AT87: Assist | BA87: Weapon and Assist | BH87: Weapon and Assist | BM87: Assist
A88: Mad Thunder | C88: Dinosaur, Land | D88: Extra Large | E88: 25 | F88: 800 | G88: 29 | H88: 125 | I88: 100 | J88: 6 | K88: 300 | L88: 90 | M88: Beam Cannon: | N88: Back mounted cannon. Targets a single opponent. | O88: 300 | P88: Ranged, Energy | Q88: 18 | S88: Double Shock Cannon: | T88: Back shoulder mounted cannon. Targets a single opponent. | U88: 200 | V88: Ranged, Explosive | W88: 12 | AD88: Magnezer Drill: | AE88: Large spinning drill attack. Targets a single opponent. | AF88: 450 | AG88: Melee, Piercing | AH88: 13 | AO88: Thunder Horn: | AP88: Horn attack. Targets a single opponent. | AQ88: 250 | AR88: Melee, Piercing | AS88: 14 | AT88: Assist | BA88: Weapon and Assist | BH88: Weapon and Assist | BM88: Assist | BN88: Anti-Particle Beam Shield | BQ88: Increases defense by 200. Halves particle damage. | BR88: 30 | BS88: 200 | BT88: Passive
A89: Gun Blaster | C89: Dinosaur, Land | D89: Large | E89: 19 | F89: 400 | G89: 28 | H89: 60 | I89: 120 | J89: 6 | K89: 500 | L89: 30 | M89: Rolling Cannon: | N89: Fires all the front facing cannons. Targets a single opponent. If damage exceeds the remaining health of the Zoid the attack continues into any opponent in direct line | O89: 230 | P89: Ranged, Penetrate, Piercing | Q89: 18 | S89: 3d Radar: | T89: Increases hit rate for self and ally's by 10. Lasts for three turns. | Z89: 10 | AC89: Active | AD89: Electromagnetic Shield Horn: | AE89: Curved energy shield. Blocks 300 damage before dispersing. | AI89: 300 | AN89: Active | AO89: Electromagnetic Bite Fang: | AP89: Bite attack. Targets a single opponent. | AQ89: 180 | AR89: Melee, Piercing | AS89: 14 | AT89: Assist | BA89: Weapon and Assist | BH89: Weapon and Assist | BM89: Assist
A90: Brachios | C90: Dinosaur, Land | D90: Medium | E90: 3 | F90: 130 | G90: 25 | H90: 10 | I90: 140 | J90: 8 | K90: 300 | L90: 35 | M90: Linear Laser: | N90: Back mounted energy gun. Targets a single opponent. | O90: 50 | P90: Ranged, Penetrate, Energy | Q90: 17 | S90: Bite Fang: | T90: Bite attack. Targets a single opponent. | U90: 65 | V90: Melee, Piercing | W90: 12 | AT90: Assist | BA90: Weapon and Assist | BH90: Weapon and Assist | BM90: Assist
A91: Gilvader | C91: Dinosaur, Flying | D91: Extra Large | E91: 33 | F91: 1200 | G91: 25 | H91: 90 | I91: 4000 | J91: 3 | K91: 1000 | L91: 60 | M91: Plasma Particle Cannon: | N91: Chest mounted particle cannon. Shoots in a straight line 15m wide. | O91: 200 | P91: Ranged, Anti-Air, Particle | Q91: 17 | S91: Beam Smasher: | T91: Back mounted energy cannon. Targets a single opponent. | U91: 350 | V91: Ranged, Anti-Air, Energy | W91: 15 | AD91: Gravity Gun: | AE91: Back mounted gravity manipulator. 75m centered on self. | AF91: 500 | AG91: Ranged, Anti-Air, Force | AH91: 14 | AO91: Rear Cutting Wing: | AP91: Tail attack. Targets a single opponent. | AQ91: 230 | AR91: Melee, Anti-Air, Slashing | AS91: 14 | AT91: Assist | BA91: Weapon and Assist | BH91: Weapon and Assist | BM91: Assist
A92: Gojulas | C92: T-Rex | D92: Large Large | E92: 18 | F92: 350 | G92: 25 | H92: 35 | I92: 75 | J92: 10 | K92: 200 | L92: 60 | M92: Crusher Claw: | N92: Claw attack. Targets a single opponent. | O92: 150 | P92: Melee, Piercing | Q92: 14 | S92: Beam Gun: | T92: Left arm mounted energy gun. Targets a single opponent. | U92: 100 | V92: Ranged, Energy | W92: 17 | AD92: Hyper Fang: | AE92: Bite attack. Targets a single opponent. | AF92: 200 | AG92: Melee, Piercing | AH92: 13 | AT92: Assist | BA92: Weapon and Assist | BH92: Weapon and Assist | BM92: Assist
A93: Gojulas the Ogre | B93: Gojulas | C93: T-Rex | D93: Large Large | E93: 20 | F93: 500 | G93: 27 | H93: 60 | I93: 125 | J93: 9 | K93: 350 | L93: 60 | M93: Crusher Claw: | N93: Claw attack. Targets a single opponent. | O93: 180 | P93: Melee, Piercing | Q93: 14 | S93: 4-Barrel Shock Cannon: | T93: Arm mounted cannons. Targets a single opponent. | U93: 180 | V93: Ranged, Explosive | W93: 17 | AD93: Buster cannon: | AE93: Back mounted cannons. Targets a single opponent. Minimum range of 75m. | AF93: 350 | AG93: Ranged, Explosive | AH93: 12 | AO93: Hyper Fang: | AP93: Bite attack. Targets a single opponent. | AQ93: 200 | AR93: Melee, Piercing | AS93: 13 | AT93: Assist | BA93: Weapon and Assist | BH93: Weapon and Assist | BM93: Assist
A94: Gojulas Gunner | B94: Gojulas | C94: T-Rex | D94: Large Large | E94: 20 | F94: 350 | G94: 25 | H94: 38 | I94: 60 | J94: 9 | K94: 300 | L94: 55 | M94: Crusher Claw: | N94: Claw attack. Targets a single opponent. | O94: 180 | P94: Melee, Piercing | Q94: 14 | S94: 4-Barrel Shock Cannon: | T94: Arm mounted cannons. Targets a single opponent. | U94: 180 | V94: Ranged, Explosive | W94: 14 | AD94: Long Range Cannon: | AE94: Back mounted cannons. Targets a single opponent. Minimum range 75m. | AF94: 300 | AG94: Ranged, Explosive, Long Range | AH94: 16 | AO94: Hyper Fang: | AP94: Bite attack. Targets a single opponent. | AQ94: 200 | AR94: Melee, Piercing | AS94: 13 | AT94: Assist | BA94: Weapon and Assist | BH94: Weapon and Assist | BM94: Assist
A95: Gojulas Giga | B95: Gojulas | C95: T-Rex | D95: Large Large | E95: 22 | F95: 500 | G95: 26 | H95: 75 | I95: 180 | J95: 12 | K95: 400 | L95: 60 | M95: Hyper Press Manipulator: | N95: Claw attack. Targets a single opponent. | O95: 280 | P95: Melee, Piercing | Q95: 15 | S95: Crusher Tail: | T95: Tail slash attack. Swing tail in 180° arc hitting any opponent in its path. 15m reach. | U95: 280 | V95: Melee, Slashing | W95: 13 | AD95: Hyper energy Shield: | AE95: Curved energy shield. Blocks 300 damage before dispersing. | AI95: 300 | AN95: Active | AO95: Crusher Fang: | AP95: Bite attack. Targets a single opponent. | AQ95: 320 | AR95: Melee, Piercing | AS95: 13 | AT95: Assist | BA95: Weapon and Assist | BH95: Weapon and Assist | BM95: Assist
A96: Gojulas Giga Cannon | B96: Gojulas Giga | C96: T-Rex | D96: Large Large | E96: 24 | F96: 700 | G96: 26 | H96: 75 | I96: 74 | J96: 12 | K96: 400 | L96: 50 | M96: Hyper Press Manipulator: | N96: Claw attack. Targets a single opponent. | O96: 300 | P96: Melee, Piercing | Q96: 15 | S96: Crusher Tail: | T96: Tail slash attack. Swing tail in 180° arc hitting any opponent in its path. 15m reach. | U96: 280 | V96: Melee, Slashing | W96: 13 | AD96: Buster Cannon: | AE96: Back mounted cannon. Targets a single opponent. Minimum range 75m. | AF96: 380 | AG96: Ranged, Anti-Air, Explosive | AH96: 15 | AO96: Crusher Fang: | AP96: Bite attack. Targets a single opponent. | AQ96: 320 | AR96: Melee, Piercing | AS96: 13 | AT96: Assist | BA96: Weapon and Assist | BH96: Weapon and Assist | BM96: Assist
A97: King Gojulas | B97: Gojulas | C97: T-Rex | D97: Extra Large | E97: 40 | F97: 2000 | G97: 28 | H97: 150 | I97: 140 | J97: 4 | K97: 800 | L97: 150 | M97: Super Gatling: | N97: Chest mounted gatling gun. Targets an area 75m by 225m. Opponents in the area of effect must make a reaction save agains the attack roll. Successful saves take no damage. | O97: 350 | P97: Ranged, Piercing, Close Range | Q97: 16 | S97: Big Claw: | T97: Swiping claw attack. Hits in a 30m line. | U97: 360 | V97: Melee, Piercing | W97: 14 | AD97: Crusher Tail: | AE97: Tail slash attack. Swings tail in 180° arc hitting any opponent in its path. Reach of 30m. | AF97: 300 | AG97: Melee, Slashing | AH97: 13 | AO97: Blade Horn: | AP97: Head mounted horn attack. Targets a single opponent. Melee | AQ97: 620 | AR97: Melee, Piercing | AS97: 12 | AT97: Assist | BA97: Weapon and Assist | BH97: Weapon and Assist | BM97: Assist
A98: Death Saurer | C98: T-Rex | D98: Extra Large | E98: 30 | F98: 1000 | G98: 29 | H98: 100 | I98: 90 | J98: 8 | K98: 500 | L98: 70 | M98: Large Particle Cannon: | N98: Mouth fired particle cannon. Fires in a straight line 30m wide. Opponents in the line of attack must make a reaction save against the attack roll. Successful rolls take no damage. | O98: 400 | P98: Ranged, Anti-Air, Particle | Q98: 17 | S98: Beam Gun: | T98: Head mounted energy gun. Targets a single opponent. | U98: 320 | V98: Ranged, Energy | W98: 18 | AD98: Smash Tail: | AE98: Tail attack. 180° arc tail attack. Reach of 30m. | AF98: 230 | AG98: Melee, Bludgeon | AH98: 13 | AO98: Bite Fang: | AP98: Bite attack. Targets a single opponent. | AQ98: 230 | AR98: Melee, Piercing | AS98: 13 | AT98: Assist | BA98: Weapon and Assist | BH98: Weapon and Assist | BM98: Assist | CG98: 2
A99: Bloody Demon | C99: T-Rex | D99: Extra Large | E99: 30 | F99: 500 | G99: 17 | H99: 40 | I99: 90 | J99: 7 | K99: 300 | L99: 50 | M99: Large Particle Cannon: | N99: Mouth fired energy cannon. Particle beam is 60m wide. Opponents in the line of attack must make a reaction save against the attack roll. Successful rolls take no damage. | O99: 240 | P99: Ranged, Anti-Air, Particle | Q99: 13 | S99: Large Gatling Gun: | T99: Back mounted gatling gun. Targets up to two opponents. Shoots two bursts that split the damage. | U99: 100 | V99: Ranged, Piercing, Close Range | W99: 17 | AD99: Smash Tail: | AE99: Tail attack. Targets a single opponent. | AF99: 80 | AG99: Melee, Bludgeon | AH99: 13 | AO99: Bite Fang: | AP99: Bite attack. Targets a single opponent. | AQ99: 250 | AR99: Melee, Piercing | AS99: 13 | AT99: Assist | BA99: Weapon and Assist | BH99: Weapon and Assist | BM99: Assist | CG99: 2
A100: Death Meteor | C100: T-Rex | D100: Large Large | E100: 33 | F100: 1500 | G100: 29 | H100: 35 | I100: 90 | J100: 8 | K100: 500 | L100: 70 | M100: Large Beam Cannon: | N100: Mouth fired particle cannon. Shoots in a straight line 30m wide. Opponents in the line of attack must make a reaction save against the attack roll. Successful rolls take no damage. | O100: 480 | P100: Ranged, Energy | Q100: 17 | S100: Death Claw: | T100: Swiping claws attack. | U100: 320 | V100: Melee, Slashing | W100: 14 | AD100: Smash Tail: | AE100: Swiping tail attack. 180° arc around your Zoid. | AF100: 300 | AG100: Melee, Bludgeon | AH100: 13 | AO100: Killer Bite Fang: | AP100: Bite attack. Targets a single opponent. | AQ100: 500 | AR100: Melee, Piercing | AS100: 13 | AT100: Assist | BA100: Weapon and Assist | BH100: Weapon and Assist | BM100: Assist | CG100: 2
...

Sheet Armaments
A1: 1 | B1: Damage 2 | C1: Damage Type 3 | D1: Effect 4 | E1: Hit 5 | F1: Defense 6 | G1: Armor 7 | H1: To Hit Increase 8 | I1: Range 9 | J1: Reaction 10 | K1: Speed 11 | L1: Weight | M1: Active/Passive | N1: Shields | O1: Ranged/Melee | P1: Heat
A2: - - - - - | B2: 0
A3: =VLOOKUP(Zoid!C4,Zoid_DB[],47,FALSE()) -> 0 | B3: =VLOOKUP(Zoid!C4,Zoid_DB[],49,FALSE()) -> 0 | C3: =VLOOKUP(Zoid!C4,Zoid_DB[],50,FALSE()) -> 0 | D3: =VLOOKUP(Zoid!C4,Zoid_DB[],48,FALSE()) -> 0 | E3: =VLOOKUP(Zoid!C4,Zoid_DB[],51,FALSE()) -> 0 | L3: =VLOOKUP(Zoid!C4,Zoid_DB[],52,FALSE()) -> 0
A4: =VLOOKUP(Zoid!C4,Zoid_DB[],54,FALSE()) -> 0 | B4: =VLOOKUP(Zoid!C4,Zoid_DB[],55,FALSE()) -> 0 | C4: =VLOOKUP(Zoid!C4,Zoid_DB[],58,FALSE()) -> 0 | D4: =VLOOKUP(Zoid!C4,Zoid_DB[],56,FALSE()) -> 0 | E4: =VLOOKUP(Zoid!C4,Zoid_DB[],57,FALSE()) -> 0 | L4: =VLOOKUP(Zoid!C4,Zoid_DB[],59,FALSE()) -> 0 | O4: =VLOOKUP(Zoid!C4,Zoid_DB[],55,FALSE()) -> 0
A5: =VLOOKUP(Zoid!C4,Zoid_DB[],61,FALSE()) -> 0
A6: =VLOOKUP(Zoid!C4,Zoid_DB[],66,FALSE()) -> 0 | B6: =VLOOKUP(Zoid!C4,Zoid_DB[],67,FALSE()) -> 0 | D6: =VLOOKUP(Zoid!C4,Zoid_DB[],69,FALSE()) -> 0 | E6: =VLOOKUP(Zoid!C4,Zoid_DB[],68,FALSE()) -> 0 | F6: =VLOOKUP(Zoid!C4,Zoid_DB[],71,FALSE()) -> 0 | L6: =VLOOKUP(Zoid!C4,Zoid_DB[],70,FALSE()) -> 0 | M6: =VLOOKUP(Zoid!C4,Zoid_DB[],72,FALSE()) -> 0
A7: WEAPONS
A8: Particle Cannon | B8: 65 | C8: Ranged, Particle | D8: fires dense particle beams in a 15m wide straight line. Each Zoid in the path must make a reaction against your attack roll or take damage. | E8: 16 | L8: 20 | O8: Ranged | P8: 3
A9: Heavy Particle Cannon | B9: 85 | C9: Ranged, Particle | D9: larger particle cannon. Each shot is a 30m wide particle beam. Each Zoid in the path must make a reaction against your attack roll or take damage. | E9: 16 | L9: 25 | O9: Ranged | P9: 3
A10: Hyper Particle Cannon | B10: 100 | C10: Particle | D10: Particle cannon. Fires a 30m wide particle beam. Each Zoid in the path of the | E10: 16 | L10: 27 | O10: Ranged | P10: 2
A11: Plasma Particle Cannon | B11: 130 | C11: Particle | D11: shoots dense particle blasts. Targets up to four opponents. | E11: 17 | L11: 35 | O11: Ranged | P11: 2
A12: Photon Paticle Cannon | B12: 180 | C12: Particle | D12: shoots a piercing particle beam. If damage exceeds health threshold it punctures through the Zoid to hit whatever is behind it for the remaining damage. | E12: 18 | L12: 30 | O12: Ranged | P12: 1
A13: Charge Particle Cannon | B13: 200 | C13: Particle | D13: Fires two narrow particle beams. Targets up to two opponents. If damage exceeds the remaining health of the targeted Zoids it punctures through the zoid and continues on for the remaining damage. damage is split between the two beams. | E13: 18 | L13: 50 | O13: Ranged | P13: 1
A14: External Charge Particle Cannon | B14: 200 | C14: Particle | D14: can target up to four opponents. Each shot deals 5D10 damage. | E14: 17 | L14: 40 | O14: Ranged | P14: 1
A15: Focus Charge Particle Cannon | B15: 300 | C15: Particle | D15: Fires a narrow particle beam. If damage exceeds health threshold it punctures through the Zoid to hit whatever is behind it for the remaining damage. | E15: 19 | L15: 50 | O15: Ranged | P15: 1
A16: Spread Charge Particle Cannon | B16: 250 | C16: Particle, Anti-Air | D16: Fires a 45m wide particle beam. Each Zoid in the path of the beam must make a reaction save against the attack roll. Successful saves take no damage. Must recharge for three turns. | E16: 17 | L16: 60 | O16: Ranged | P16: 1
A17: Great Charge Particle Cannon | B17: 350 | C17: Particle, Anti-Air | D17: Fires a 60m wide particle beam. Each Zoid in the path of the beam must make a reaction save against the attack roll. Successful saves take no damage. Must recharge for three turns. | E17: 19 | L17: 80 | O17: Ranged | P17: 1
A18: Mini Laser | B18: 50 | C18: Energy, Puncture | D18: Small energy gun. Target a single opponent. If damage exceeds health threshold it punctures through the Zoid to hit whatever is behind it. | E18: 18 | L18: 5 | O18: Ranged
A19: 2-Set Laser | B19: 80 | C19: Energy | D19: Double barrel energy cannon. Can target up to two Zoids. Damage is split between targets. | E19: 18 | L19: 11 | O19: Ranged
A20: 3-Set Laser | B20: 110 | C20: Energy | D20: Triple barrel energy cannon. Can target up to three Zoids. Damage is split between targets. | E20: 18 | L20: 23 | O20: Ranged
A21: 4-Set Laser | B21: 150 | C21: Energy | D21: Quad barrel energy cannon. Can target up to four Zoids. Damage is split between targets. | E21: 19 | L21: 26 | O21: Ranged
A22: Anti-Air Laser | B22: 50 | C22: Energy, Anti-Air | D22: Fires an energy beam. Targets a single opponent. | E22: 18 | L22: 6 | O22: Ranged
A23: 2-Set Anti-Air Laser | B23: 80 | C23: Energy, Anti-Air | D23: Double barrel energy cannon. Can target up to two zoids. Damage is split between targets. | E23: 18 | L23: 15 | O23: Ranged
A24: 3-Set Anti-Air Laser | B24: 110 | C24: Energy, Anti-Air | D24: Triple barrel energy cannon. Can target up to three zoids. Damage is split between targets. | E24: 18 | L24: 20 | O24: Ranged
A25: 4-Set Anti-Air Laser | B25: 150 | C25: Energy, Anti-Air | D25: Quad barrel energy cannon. Can target up to four zoids. Damage is split between targets. | E25: 19 | L25: 25 | O25: Ranged
A26: Laser Machine Gun | B26: 60 | C26: Energy, Anti-Air | D26: Small energy machine gun. Target up to two opponents. Damage is split between targets. | E26: 17 | L26: 8 | O26: Ranged
A27: Pulse Laser Gun | B27: 90 | C27: Energy, Anti-Air | D27: Fires a bust of energy beams. Targets a single opponent. | E27: 17 | L27: 12 | O27: Ranged
A28: Beam Needle | B28: 120 | C28: Energy, Anti-Air | D28: Fires two bursts of energy bolts. Targets up to two opponents. | E28: 17 | L28: 15 | O28: Ranged
A29: Gatling Beam | B29: 140 | C29: Energy, Anti-Air, Close Range | D29: Rapid fire energy gun. Targets an horizontal area 30m by 90m. | E29: 17 | L29: 23 | O29: Ranged
... A33: Ray Storm | B33: 140 | C33: Energy, Anti-Air | D33: Large energy cannon. Fires four energy bolts. Targets up to two opponents. Each shot does 3D12. | E33: 18 | L33: 32 | O33: Ranged
A34: Rolling Cannon | B34: 160 | C34: Piercing, Penetrating | D34: Large cannon. If the damage exceeds the remaining health of the target Zoid it will pierce through the Zoid. | L34: 35 | O34: Ranged
A35: Hybrid Cannon | B35: 200 | C35: Energy, Long Range | D35: Single barrel energy cannon. Fires a single bolt. Targets a single opponent. Minimum range of 100m. | E35: 18 | L35: 40 | O35: Ranged | P35: 3
A36: Accelerated Cannons | B36: 90 | C36: Explosive, Long Range | D36: Targets a single opponent. Minimum range of 105m. | E36: 13 | L36: 15 | O36: Ranged
A37: Double Cannon | B37: 120 | C37: Explosive, Long Range | D37: Double barrel cannon. Targets a single opponent. Minimum range of 120m. | E37: 13 | L37: 18 | O37: Ranged
A38: 2-Set High Speed Cannon | B38: 140 | C38: Explosive, Long Range | D38: Double barrel cannon. Targets a single opponent. Minimum range of 150m | E38: 12 | L38: 25 | O38: Ranged
A39: Triple Cannon | B39: 150 | C39: Explosive | D39: Triple barrel cannon. Targets a single opponent. | L39: 28 | O39: Ranged
A40: Hyper Cannon | B40: 350 | C40: Piercing | L40: 30 | O40: Ranged | P40: 1
A41: Impact Cannon | B41: 60 | C41: Piercing, Close Range | D41: Single barrel cannon. Targets a single opponent. Max range of 210m | L41: 8 | O41: Ranged
A42: Accelerated Impact Cannon | B42: 120 | C42: Piercing, Close Range | D42: Single barrel cannon. Targets a single opponent. Max range of 300m | L42: 12 | O42: Ranged
A43: 3-Set Impact Cannon | B43: 160 | C43: Piercing | D43: Triple barrel cannon. Targets a single opponent. | L43: 18 | O43: Ranged
A44: Linear Cannon | B44: 220 | C44: Explosive | D44: Single fire cannon. Targets a single opponent. | E44: 12 | L44: 20 | O44: Ranged | P44: 2
A45: Assault Cannon | B45: 250 | C45: Explosive | D45: Double barrel cannon. Targets a single opponent. | E45: 13 | L45: 23 | O45: Ranged | P45: 2
A46: Assault Rifle | B46: 120 | C46: Piercing | D46: Large assault rifle. Fires a single precious shot. Targets a single opponent. | E46: 19 | L46: 21 | O46: Ranged
A47: Long-Range Rifle | B47: 180 | C47: Piercing, Long Range | D47: Fires a single precious shot. Targets a single opponent. Minimum range of 300m. | E47: 19 | L47: 18 | O47: Ranged
A48: Buster Cannon | B48: 400 | C48: Explosive, Long Range | D48: Large single barrel cannon. Targets a single opponent. Minimum range of 225m | L48: 35 | O48: Ranged | P48: 1
A49: Ultra Cannon | B49: 600 | C49: Explosive | D49: Large single barrel cannon. Targets a single opponent. | L49: 40 | O49: Ranged | P49: 1
A50: Shock Gun | B50: 60 | C50: Piercing | D50: Single barrel cannon. Targets a single opponent. | E50: 16 | L50: 8 | O50: Ranged
A51: Rail Gun | B51: 130 | C51: Piercing | D51: Rail cannon. Targets a single opponent. | E51: 18 | L51: 20 | O51: Ranged
A52: Close-Range Rail Gun | B52: 150 | C52: Piercing, Close Range | D52: Rail cannon. Targets a single opponent. Maximum range of 150m. | E52: 18 | L52: 23 | O52: Ranged
A53: High Speed Rail Gun | B53: 120 | C53: Piercing, Penetrating, Anti-Air, Long Range | D53: Faster rail cannon. Targets a single opponent. If damage exceeds the remaining health of the target the railgun continues in a straight line for the remaining damage. | E53: 14 | L53: 25 | O53: Ranged
A54: Super Speed Rail Gun | B54: 150 | C54: Piercing, Penetrating, Long Range | D54: Faster rail cannon. Targets a single opponent. If damage exceeds the remaining health of the target the railgun continues in a straight line for the remaining damage. | E54: 18 | L54: 27 | O54: Ranged
A55: Hyper Rail Gun | B55: 180 | C55: Piercing, Penetrating, Long Range | D55: Targets a single opponent. If damage exceeds the remaining health of the target the railgun continues in a straight line for the remaining damage. | L55: 30 | O55: Ranged
A56: Machine Gun | B56: 30 | C56: Piercing | D56: Small machine gun. Target a single opponent. | E56: 19 | L56: 4 | O56: Ranged
A57: Anti-Air Machine Gun | B57: 40 | C57: Piercing, Anti-Air | D57: Small machine gun. Target a single opponent. | E57: 19 | L57: 5 | O57: Ranged
A58: Heavy Machine Gun | B58: 80 | C58: Piercing | D58: First a single burst. Targets a single opponent | E58: 19 | L58: 7 | O58: Ranged
A59: Hyper Machine Gun | B59: 80 | C59: Piercing | D59: Fires a burst in a vertical line 30m by 90m. Opponents in the line must make a reaction against your attack roll. Successful saves take no damage. | E59: 19 | L59: 10 | O59: Ranged
A60: Vulcan Gun | B60: 40 | C60: Piercing | D60: Shoots in a 15m wide by 60m straight line. Opponents in the line must make a reaction against your attack roll. Successful saves take no damage. | E60: 17 | L60: 3 | O60: Ranged
A61: Anti-Air Vulcan: | B61: 50 | C61: Piercing, Anti-Air | D61: Fires a burst in a vertical line 30m by 90m. Opponents in the line must make a reaction against your attack roll. Successful saves take no damage. | E61: 17 | L61: 3 | O61: Ranged
A62: Mega Vulcan: | B62: 60 | C62: Piercing | D62: Fires a burst in a vertical line 30m by 105m. Opponents in the line must make a reaction against your attack roll. Successful saves take no damage. | E62: 17 | L62: 8 | O62: Ranged
A63: Anti-Air Mega Vulcan: | B63: 70 | C63: Piercing, Anti-Air | D63: Machine gun. Fires in a vertical line 30m by 90m. Opponents in the area must make a reaction save against the attack roll. Successful saves take no damage | E63: 17 | L63: 8 | O63: Ranged
A64: Gatling Cannon: | B64: 40 | C64: Piercing, Close Range | D64: small gatling gun. Targets a horizontal area 15m wide by 45m long. Opponents in the area must make a reaction save against the attack roll. Successful saves take no damage | E64: 14 | L64: 10 | O64: Ranged
A65: Anti-Air Gatling: | B65: 50 | C65: Piercing, Anti-Air, Close Range | D65: rapid fire gatling gun. Target a horizontal area 15m wide by 60 long. Any Zoids in that area must make a reaction against your attack. Successful saves take no damage. | E65: 14 | L65: 12 | O65: Ranged
A66: Heavy Gatling: | B66: 60 | C66: Piercing, Close Range | D66: larger gatling gun. Target a horizontal area 30m wide by 90m long. Any Zoids in that area must make a reaction save against your attack roll. Successful saves take no damage. | E66: 14 | L66: 13 | O66: Ranged
A67: Accelerated Gatling: | B67: 120 | C67: Piercing, Anti-Air, Close Range | D67: hi-speed gatling gun. | E67: 12 | L67: 15 | O67: Ranged
... A72: 8-Set Missile: | B72: 80 | C72: Explosive, Homing | D72: Fires eight missiles. Can target up to four Zoids. Damage is split between them. | E72: 18 | L72: 20 | O72: Ranged
A73: 16-Set Missile: | B73: 120 | C73: Explosive, Homing | D73: Fires sixteen missiles. Can target up to eight Zoids. Damage is split between them. | E73: 18 | L73: 26 | O73: Ranged | P73: 2
A74: Anti-Air 2-Set Missile: | B74: 60 | C74: Explosive, Anti-Air, Homing | D74: Fires two missiles. Targets a single opponent. | E74: 18 | L74: 10 | O74: Ranged
A75: Anti-Air 4-Set Missile: | B75: 60 | C75: Explosive, Anti-Air, Homing | D75: Fires four missiles. Can target up to two Zoids. Damage is split between them. | E75: 18 | L75: 15 | O75: Ranged
A76: Anti-Air 8-Set Missile: | B76: 90 | C76: Explosive, Anti-Air, Homing | D76: Fires eight missiles. Can target up to four Zoids. Damage is split between them. | E76: 18 | L76: 22 | O76: Ranged
A77: Anti-Air 16-Set Missile: | B77: 120 | C77: Explosive, Anti-Air, Homing | D77: Fires sixteen missiles. Can target up to eight Zoids. Damage is split between them. | E77: 18 | L77: 15 | O77: Ranged | P77: 2
A78: Long-Range Missile: | B78: 110 | C78: Explosive, Homing, Long Range | D78: Single missile. Targets a single opponent. Minimum range of 800m | L78: 15 | O78: Ranged
A79: Large Missile: | B79: 130 | C79: Explosive, Homing, Long Range | D79: Fires a single missile. Minimum range of 400m. | E79: 18 | L79: 18 | O79: Ranged
A80: Napalm Missile: | B80: 120 | C80: Fire, Defense | D80: Fires a canister that sets a horizontal line 30m by 90m on fire. Lasts for three turns. Opponents in the area must make a reaction save against the attack roll. Successful saves take no damage. For every 10 damage dealt the opponents defense drops by 1. Defense drop lasts until repaired. | E80: 17 | L80: 10 | O80: Ranged
A81: Neutron Missile: | B81: 150 | C81: Explosive, Homing | D81: Large missile. Targets an area 90m by 90m. Opponents in the area must make a reaction save against the attack roll. Successful saves take no damage. | L81: 30 | O81: Ranged | P81: 1
A82: Reaction Missile: | B82: 300 | C82: Explosive, Homing | D82: Large missile. Targets an area 90m by 90m. Opponents in the area must make a reaction save against the attack roll. Successful saves take no damage. | L82: 80 | O82: Ranged | P82: 1
A83: Hyper Missile: | B83: 250 | C83: Explosive, Homing | D83: Large missile. Targets an area 90m by 90m. Opponents in the area must make a reaction save against the attack roll. Successful saves take no damage. | E83: 18 | L83: 30 | O83: Ranged | P83: 1
A84: Spread Missile: | B84: 130 | C84: Explosive | D84: A single missile divides into multiple smaller missiles. Targets 4 targets within an area 90m by 90m. | O84: Ranged | P84: 1
A85: Sonic Cannon: | B85: 100 | C85: Sonic | D85: Shoots a focused line of sonic damage. Targets a single opponent. Pilot must make a constitution saving throw. On a failed save reaction, and Hit are halved. May make a constitution saving throw at the start of their next turn. Ranged, Pilot | L85: 10 | O85: Ranged
A86: Super Sonic Cannon: | B86: 150 | C86: Sonic | D86: Shoots a focused line of sonic damage. Targets a single opponent. Pilot must make a constitution saving throw. On a failed save reaction, and Hit are halved. May make a constitution saving throw at the start of their next turn. | L86: 15 | O86: Ranged
A87: Acid Cannon: | B87: 100 | C87: Acid, Defense | D87: Fires a canister of acid. Targets a single opponent. For every 10 points of damage dealt the defense of the targeted Zoid lowers by 1. Ranged, Defense | L87: 20 | O87: Ranged
A88: Concentrate Acid Cannon: | B88: 200 | C88: Acid, Defense | D88: Fires a single canister of acid. Targets a single opponent. For every 10 points of damage dealt the defense of the targeted Zoid lowers by 1. | L88: 23 | O88: Ranged
A89: Spark Cannon: | B89: 50 | C89: Electric | L89: 15 | O89: Ranged
A90: Super Spark Cannon: | B90: 50 | C90: Electric, Freeze | D90: Fires an arc of electricity. Targets a single opponent. Must be within 75 meters. Opponents damaged by this attack must make a percentile roll. if the roll is a 49 or lower the Zoid is frozen. At the end of their turn they may roll again to unfreeze. | L90: 23 | O90: Ranged
A91: Extra Electro Magnetic Cannon: | B91: 120 | C91: Electric, Freeze | D91: Fires an arc of electricity. Targets up to two opponents. The second opponent must be within 60m of the first opponent. Must be within 75m. Opponents damaged by this attack must make a percentile roll. if the roll is a 49 or lower the Zoid is frozen. At the end of their turn they may roll again to unfreeze. | E91: 16 | L91: 23 | O91: Ranged
A92: Ele Shot: | B92: 140 | C92: Electric, Freeze | D92: Fires an arc of electricity. Targets up to two opponents. Second target must be within 75m of the first. Must be within 75m. On a Hit opponents must roll a percentile die. A roll of 49 or lower will cause the Zoid to freeze. At the end of their next turn they can roll again for a chance to unfreeze | E92: 17 | L92: 25 | O92: Ranged
A93: Poison Gas Cannon: | B93: 40 | C93: Poison | D93: launches a gas projectile that targets the pilot. Covers an area 30m square. DC:16. Pilot must make a constitution saving throw. On a failed save reaction, and Hit are halved. May make a constitution saving throw at the start of their next turn. | E93: 16 | L93: 12 | O93: Ranged
A94: Poison Mist Cannon: targets an horizontal area 30m by 60m. DC: 17. Ranged, Pilot | B94: 90 | C94: Poison | D94: Pilot must make a constitution saving throw. On a failed save reaction, and Hit are halved. May make a constitution saving throw at the start of their next turn. | L94: 13 | O94: Ranged
A95: Poison Cloud Cannon: targets a horizontal area 30m by 90m. Ranged, Pilot | B95: 120 | C95: Poison | D95: Pilot must make a constitution saving throw. On a failed save reaction, and Hit are halved. May make a constitution saving throw at the start of their next turn. | L95: 14 | O95: Ranged
A96: Gravity Cannon: | O96: Ranged
A97: ASSIST
A98: Extension Armor | D98: Increase defense by 5 and armor by 5. | E98: 0 | F98: 5 | G98: 5 | H98: 0 | I98: 0 | J98: 0 | K98: 0 | L98: 5 | M98: Passive
A99: Large Extension Armor | D99: Increases armor by 10 and increases defense by 10. | E99: 0 | F99: 10 | G99: 10 | H99: 0 | I99: 0 | J99: 0 | K99: 0 | L99: 10 | M99: Passive
A100: Multiple Armor | D100: Increases defense by 4. | E100: 0 | F100: 4 | G100: 0 | H100: 0 | I100: 0 | J100: 0 | K100: 0 | L100: 15 | M100: Passive
A101: Large Multiple Armor | D101: Increases defense by 20 and armor by 6. | E101: 0 | F101: 20 | G101: 6 | H101: 0 | I101: 0 | J101: 0 | K101: 0 | L101: 20 | M101: Passive
A102: Super-Heavy Armor | D102: Increases defense by 10. | E102: 0 | F102: 10 | G102: 0 | H102: 0 | I102: 0 | J102: 0 | K102: 0 | L102: 25 | M102: Passive
A103: Large Super-Heavy Armor | D103: Increases your Zoids armor by 8 and your defense by 70. | E103: 0 | F103: 70 | G103: 8 | H103: 0 | I103: 0 | J103: 0 | K103: 0 | L103: 30 | M103: Passive
A104: Chobam Armor | D104: Increases your Zoids armor by 6 and your defense by 30. | E104: 0 | F104: 30 | G104: 6 | H104: 0 | I104: 0 | J104: 0 | K104: 0 | L104: 20 | M104: Passive
A105: Enhanced Chobam Armor | D105: Increases your Zoids armor by 6 and your defense by 50. | E105: 0 | F105: 50 | G105: 6 | H105: 0 | I105: 0 | J105: 0 | K105: 0 | L105: 30 | M105: Passive
A106: Full Armor System | D106: Increases your Zoids armor by 18 and your defense by 50. | E106: 0 | F106: 50 | G106: 18 | H106: 0 | I106: 0 | J106: 0 | K106: 0 | L106: 40 | M106: Passive
A107: Laser Diffusion Equipment | D107: Increases your Zoids defense by 100. Reduces energy damage taken by half. | E107: 0 | F107: 100 | G107: 0 | H107: 0 | I107: 0 | J107: 0 | K107: 0 | L107: 5 | M107: Active | P107: 1
...

Sheet Organoid
A1: Levels | B1: White Health | C1: White Armor | D1: White Speed | E1: White Range | F1: White To Hit | G1: Red Health | H1: Red Armor | I1: Red Speed | J1: Red Range | K1: Red To Hit | L1: Blue Health | M1: Blue Armor | N1: Blue Speed | O1: Blue Range | P1: Blue To Hit | Q1: Black Health | R1: Black Armor | S1: Black Speed | T1: Black Range | U1: Black To Hit | V1: White Shield | W1: Red Shield | X1: Blue Shield | Y1: Black Shield | Z1: White Damage | AA1: Red Damage | AB1: Blue Damage | AC1: Black Damage
A2: 0 | B2: 0 | C2: 0 | D2: 0 | E2: 0 | F2: 0 | G2: 0 | H2: 0 | I2: 0 | J2: 0 | K2: 0 | L2: 0 | M2: 0 | N2: 0 | O2: 0 | P2: 0 | Q2: 0 | R2: 0 | S2: 0 | T2: 0 | U2: 0 | V2: 0 | Z2: 0 | AA2: 0 | AB2: 0 | AC2: 0
A3: 1 | B3: 0.05 | C3: 0.02 | D3: 0.01 | E3: 0.01 | F3: 0.01 | G3: 0.01 | H3: 0.05 | I3: 0.01 | J3: 0.01 | K3: 0.02 | L3: 0.01 | M3: 0.01 | N3: 0.05 | O3: 0.02 | P3: 0.01 | Q3: 0.01 | R3: 0.01 | S3: 0.02 | T3: 0.01 | U3: 0.05 | V3: 0 | Z3: 0.01 | AA3: 0.02 | AB3: 0.01 | AC3: 0.05
A4: 2 | B4: 0.1 | C4: 0.04 | D4: 0.02 | E4: 0.02 | F4: 0.02 | G4: 0.02 | H4: 0.1 | I4: 0.02 | J4: 0.02 | K4: 0.04 | L4: 0.02 | M4: 0.02 | N4: 0.1 | O4: 0.04 | P4: 0.02 | Q4: 0.02 | R4: 0.02 | S4: 0.04 | T4: 0.02 | U4: 0.1 | V4: 0 | Z4: 0.02 | AA4: 0.04 | AB4: 0.02 | AC4: 0.1
A5: 3 | B5: 0.15 | C5: 0.06 | D5: 0.03 | E5: 0.03 | F5: 0.03 | G5: 0.03 | H5: 0.15 | I5: 0.03 | J5: 0.03 | K5: 0.06 | L5: 0.03 | M5: 0.03 | N5: 0.15 | O5: 0.06 | P5: 0.03 | Q5: 0.03 | R5: 0.03 | S5: 0.06 | T5: 0.03 | U5: 0.15 | V5: 0 | Z5: 0.03 | AA5: 0.06 | AB5: 0.03 | AC5: 0.15
A6: 4 | B6: 0.2 | C6: 0.08 | D6: 0.04 | E6: 0.04 | F6: 0.04 | G6: 0.04 | H6: 0.2 | I6: 0.04 | J6: 0.04 | K6: 0.08 | L6: 0.04 | M6: 0.04 | N6: 0.2 | O6: 0.08 | P6: 0.04 | Q6: 0.04 | R6: 0.04 | S6: 0.08 | T6: 0.04 | U6: 0.2 | V6: 0 | Z6: 0.04 | AA6: 0.08 | AB6: 0.04 | AC6: 0.2
A7: 5 | B7: 0.25 | C7: 0.1 | D7: 0.05 | E7: 0.05 | F7: 0.05 | G7: 0.05 | H7: 0.25 | I7: 0.05 | J7: 0.05 | K7: 0.1 | L7: 0.05 | M7: 0.05 | N7: 0.25 | O7: 0.1 | P7: 0.05 | Q7: 0.05 | R7: 0.05 | S7: 0.1 | T7: 0.05 | U7: 0.25 | V7: 100 | Z7: 0.05 | AA7: 0.1 | AB7: 0.05 | AC7: 0.25
A8: 6 | B8: 0.3 | C8: 0.12 | D8: 0.06 | E8: 0.06 | F8: 0.06 | G8: 0.06 | H8: 0.3 | I8: 0.06 | J8: 0.06 | K8: 0.12 | L8: 0.06 | M8: 0.06 | N8: 0.3 | O8: 0.12 | P8: 0.06 | Q8: 0.06 | R8: 0.06 | S8: 0.12 | T8: 0.06 | U8: 0.3 | V8: 100 | Z8: 0.06 | AA8: 0.12 | AB8: 0.06 | AC8: 0.3
A9: 7 | B9: 0.35 | C9: 0.14 | D9: 0.07 | E9: 0.07 | F9: 0.07 | G9: 0.07 | H9: 0.35 | I9: 0.07 | J9: 0.07 | K9: 0.14 | L9: 0.07 | M9: 0.07 | N9: 0.35 | O9: 0.14 | P9: 0.07 | Q9: 0.07 | R9: 0.07 | S9: 0.14 | T9: 0.07 | U9: 0.35 | V9: 100 | Z9: 0.07 | AA9: 0.14 | AB9: 0.07 | AC9: 0.35
A10: 8 | B10: 0.4 | C10: 0.16 | D10: 0.08 | E10: 0.08 | F10: 0.08 | G10: 0.08 | H10: 0.4 | I10: 0.08 | J10: 0.08 | K10: 0.16 | L10: 0.08 | M10: 0.08 | N10: 0.4 | O10: 0.16 | P10: 0.08 | Q10: 0.08 | R10: 0.08 | S10: 0.16 | T10: 0.08 | U10: 0.4 | V10: 100 | Z10: 0.08 | AA10: 0.16 | AB10: 0.08 | AC10: 0.4
A11: 9 | B11: 0.45 | C11: 0.18 | D11: 0.09 | E11: 0.09 | F11: 0.09 | G11: 0.09 | H11: 0.45 | I11: 0.09 | J11: 0.09 | K11: 0.18 | L11: 0.09 | M11: 0.09 | N11: 0.45 | O11: 0.18 | P11: 0.09 | Q11: 0.09 | R11: 0.09 | S11: 0.18 | T11: 0.09 | U11: 0.45 | V11: 100 | Z11: 0.09 | AA11: 0.18 | AB11: 0.09 | AC11: 0.45
A12: 10 | B12: 0.5 | C12: 0.2 | D12: 0.1 | E12: 0.1 | F12: 0.1 | G12: 0.1 | H12: 0.5 | I12: 0.1 | J12: 0.1 | K12: 0.2 | L12: 0.1 | M12: 0.1 | N12: 0.5 | O12: 0.2 | P12: 0.1 | Q12: 0.1 | R12: 0.1 | S12: 0.2 | T12: 0.1 | U12: 0.5 | V12: 100 | Z12: 0.1 | AA12: 0.2 | AB12: 0.1 | AC12: 0.5
A13: 11 | B13: 0.55 | C13: 0.22 | D13: 0.11 | E13: 0.11 | F13: 0.11 | G13: 0.11 | H13: 0.55 | I13: 0.11 | J13: 0.11 | K13: 0.22 | L13: 0.11 | M13: 0.11 | N13: 0.55 | O13: 0.22 | P13: 0.11 | Q13: 0.11 | R13: 0.11 | S13: 0.22 | T13: 0.11 | U13: 0.55 | V13: 100 | Z13: 0.11 | AA13: 0.22 | AB13: 0.11 | AC13: 0.55
... A42: 40 | B42: 2 | C42: 0.82 | D42: 0.4 | E42: 0.4 | F42: 0.4 | G42: 0.4 | H42: 2 | I42: 0.4 | J42: 0.4 | K42: 0.82 | L42: 0.4 | M42: 0.4 | N42: 2 | O42: 0.82 | P42: 0.4 | Q42: 0.4 | R42: 0.4 | S42: 0.82 | T42: 0.4 | U42: 2 | V42: 150 | Z42: 0.4 | AA42: 0.82 | AB42: 0.4 | AC42: 2

Sheet Zoid Abilities
A1: Skills 1 | B1: Descriptions 2 | C1: Levels 3 | D1: If in Zoid Size 4 | E1: All Stats 5 | F1: Armor 6 | G1: To Hit Increase 7 | H1: Speed 8 | I1: Range 9 | J1: Reaction 10 | K1: Damage Bonus 11 | L1: Shield Increase 12 | M1: Equiped Defense 13 | N1: Damage Type 14 | O1: Zoids base Defense 15
A2: - - - - - - - - - - | B2: - - - - - - - - - - - | C2: 0 | D2: 0 | E2: 0 | F2: 0 | G2: 0 | H2: 0 | I2: 0 | J2: 0 | K2: 0 | L2: 0 | M2: 0
A3: Tiger Type 1 | B3: Increases the pilots level by 5 while piloting the corresponding Zoid Type. | C3: 5
A4: Tiger Type 2 | B4: Increases the pilots level by 10 levels while piloting the corresponding Zoid Type. | C4: 10
A5: Tiger Type 3 | B5: Increases the pilots level by 15 levels while piloting the corresponding Zoid Type | C5: 15
A6: Tiger Type 4 | B6: Increases the pilots level by 20 levels while piloting the corresponding Zoid Type | C6: 20
A7: Tiger Type 5 | B7: Increases the pilots level by 25 levels while piloting the corresponding Zoid Type | C7: 25
A8: Lion Type 1 | B8: ="Increases the pilots level by 5 while piloting the corresponding Zoid type."&IF(N3="Lion",N8+5,"") -> Increases the pilots level by 5 while piloting the corresponding Zoid type. | C8: 5
A9: Lion Type 2 | B9: Increases the pilots level by 10 levels while piloting the corresponding Zoid Type. | C9: 10
A10: Lion Type 3 | B10: Increases the pilots level by 15 levels while piloting the corresponding Zoid Type | C10: 15
A11: Lion Type 4 | B11: Increases the pilots level by 20 levels while piloting the corresponding Zoid Type | C11: 20
A12: Lion Type 5 | B12: Increases the pilots level by 25 levels while piloting the corresponding Zoid Type | C12: 25
A13: Wolf Type 1 | B13: ="Increases the pilots level by 5 while piloting the corresponding Zoid type."&IF(N3="Wolf",N8+5,"") -> Increases the pilots level by 5 while piloting the corresponding Zoid type. | C13: 5
A14: Wolf Type 2 | B14: Increases the pilots level by 10 levels while piloting the corresponding Zoid Type. | C14: 10
A15: Wolf Type 3 | B15: Increases the pilots level by 15 levels while piloting the corresponding Zoid Type | C15: 15
A16: Wolf Type 4 | B16: Increases the pilots level by 20 levels while piloting the corresponding Zoid Type | C16: 20
A17: Wolf Type 5 | B17: Increases the pilots level by 25 levels while piloting the corresponding Zoid Type | C17: 25
A18: Insect Type 1 | B18: ="Increases the pilots level by 5 while piloting the corresponding Zoid type."&IF(N3="Insect",N8+5,"") -> Increases the pilots level by 5 while piloting the corresponding Zoid type. | C18: 5
A19: Insect Type 2 | B19: Increases the pilots level by 10 levels while piloting the corresponding Zoid Type. | C19: 10
A20: Insect Type 3 | B20: Increases the pilots level by 15 levels while piloting the corresponding Zoid Type | C20: 15
A21: Insect Type 4 | B21: Increases the pilots level by 20 levels while piloting the corresponding Zoid Type | C21: 20
A22: Insect Type 5 | B22: Increases the pilots level by 25 levels while piloting the corresponding Zoid Type | C22: 25
A23: Gorilla Type 1 | B23: ="Increases the pilots level by 5 while piloting the corresponding Zoid type."&IF(N3="Gorilla",N8+5,"") -> Increases the pilots level by 5 while piloting the corresponding Zoid type. | C23: 5
A24: Gorilla Type 2 | B24: Increases the pilots level by 10 levels while piloting the corresponding Zoid Type. | C24: 10
A25: Gorilla Type 3 | B25: Increases the pilots level by 15 levels while piloting the corresponding Zoid Type | C25: 15
A26: Gorilla Type 4 | B26: Increases the pilots level by 20 levels while piloting the corresponding Zoid Type | C26: 20
A27: Gorilla Type 5 | B27: Increases the pilots level by 25 levels while piloting the corresponding Zoid Type | C27: 25
A28: Raptor Type 1 | B28: ="Increases the pilots level by 5 while piloting the corresponding Zoid type."&IF(N3="Raptor",N8+5,"") -> Increases the pilots level by 5 while piloting the corresponding Zoid type. | C28: 5
A29: Raptor Type 2 | B29: Increases the pilots level by 10 levels while piloting the corresponding Zoid Type. | C29: 10
A30: Raptor Type 3 | B30: Increases the pilots level by 15 levels while piloting the corresponding Zoid Type | C30: 15
A31: Raptor Type 4 | B31: Increases the pilots level by 20 levels while piloting the corresponding Zoid Type | C31: 20
A32: Raptor Type 5 | B32: Increases the pilots level by 25 levels while piloting the corresponding Zoid Type | C32: 25
A33: T-Rex Type 1 | B33: ="Increases the pilots level by 5 while piloting the corresponding Zoid type."&IF(N3="T-Rex",N8+5,"") -> Increases the pilots level by 5 while piloting the corresponding Zoid type. | C33: 5
A34: T-Rex Type 2 | B34: Increases the pilots level by 10 levels while piloting the corresponding Zoid Type. | C34: 10
A35: T-Rex Type 3 | B35: Increases the pilots level by 15 levels while piloting the corresponding Zoid Type | C35: 15
A36: T-Rex Type 4 | B36: Increases the pilots level by 20 levels while piloting the corresponding Zoid Type | C36: 20
A37: T-Rex Type 5 | B37: Increases the pilots level by 25 levels while piloting the corresponding Zoid Type | C37: 25
A38: Mammal Type 1 | B38: ="Increases the pilots level by 5 while piloting the corresponding Zoid type."&IF(N3="Mammal",N8+5,"") -> Increases the pilots level by 5 while piloting the corresponding Zoid type. | C38: 5
A39: Mammal Type 2 | B39: Increases the pilots level by 10 levels while piloting the corresponding Zoid Type. | C39: 10
A40: Mammal Type 3 | B40: Increases the pilots level by 15 levels while piloting the corresponding Zoid Type | C40: 15
A41: Mammal Type 4 | B41: Increases the pilots level by 20 levels while piloting the corresponding Zoid Type | C41: 20
A42: Mammal Type 5 | B42: Increases the pilots level by 25 levels while piloting the corresponding Zoid Type | C42: 25
A43: Dinosaur, Land Type 1 | B43: ="Increases the pilots level by 5 while piloting the corresponding Zoid type."&IF(N3="Dinosaur, Land",N8+5,"") -> Increases the pilots level by 5 while piloting the corresponding Zoid type. | C43: 5
A44: Dinosaur, Land Type 2 | B44: Increases the pilots level by 10 levels while piloting the corresponding Zoid Type. | C44: 10
A45: Dinosaur, Land Type 3 | B45: Increases the pilots level by 15 levels while piloting the corresponding Zoid Type | C45: 15
A46: Dinosaur, Land Type 4 | B46: Increases the pilots level by 20 levels while piloting the corresponding Zoid Type | C46: 20
A47: Dinosaur, Land Type 5 | B47: Increases the pilots level by 25 levels while piloting the corresponding Zoid Type | C47: 25
A48: Dinosaur, Flying Type 1 | B48: ="Increases the pilots level by 5 while piloting the corresponding Zoid type."&IF(N3="Dinosaur, Flying",N8+5,"") -> Increases the pilots level by 5 while piloting the corresponding Zoid type. | C48: 5
A49: Dinosaur, Flying Type 2 | B49: Increases the pilots level by 10 levels while piloting the corresponding Zoid Type. | C49: 10
A50: Dinosaur, Flying Type 3 | B50: Increases the pilots level by 15 levels while piloting the corresponding Zoid Type | C50: 15
A51: Dinosaur, Flying Type 4 | B51: Increases the pilots level by 20 levels while piloting the corresponding Zoid Type | C51: 20
A52: Dinosaur, Flying Type 5 | B52: Increases the pilots level by 25 levels while piloting the corresponding Zoid Type | C52: 25
A53: Reptile Type 1 | B53: ="Increases the pilots level by 5 while piloting the corresponding Zoid type."&IF(N53="Reptile",N58+5,"") -> Increases the pilots level by 5 while piloting the corresponding Zoid type. | C53: 5
A54: Reptile Type 2 | B54: Increases the pilots level by 10 levels while piloting the corresponding Zoid Type. | C54: 10
A55: Reptile Type 3 | B55: Increases the pilots level by 15 levels while piloting the corresponding Zoid Type | C55: 15
A56: Reptile Type 4 | B56: Increases the pilots level by 20 levels while piloting the corresponding Zoid Type | C56: 20
A57: Reptile Type 5 | B57: Increases the pilots level by 25 levels while piloting the corresponding Zoid Type | C57: 25
A58: BLOXType 1 | B58: ="Increases the pilots level by 5 while piloting the corresponding Zoid type."&IF(N3="BLOX",N8+5,"") -> Increases the pilots level by 5 while piloting the corresponding Zoid type. | C58: 5
A59: BLOX Type 2 | B59: Increases the pilots level by 10 levels while piloting the corresponding Zoid Type. | C59: 10
A60: BLOX Type 3 | B60: Increases the pilots level by 15 levels while piloting the corresponding Zoid Type | C60: 15
A61: BLOX Type 4 | B61: Increases the pilots level by 20 levels while piloting the corresponding Zoid Type | C61: 20
A62: BLOX Type 5 | B62: Increases the pilots level by 25 levels while piloting the corresponding Zoid Type | C62: 25
A63: Small Expert | B63: When piloting a Small sized Zoid stats are increased by 10% | D63: Small | E63: =10% -> 0.1
A64: Small Expert 2 | B64: When piloting a Small sized Zoid stats are increased by 15% | D64: Small | E64: =15% -> 0.15
A65: Small Expert 3 | B65: When piloting a Small sized Zoid stats are increased by 20% | D65: Small | E65: =20% -> 0.2
A66: Small Expert 4 | B66: When piloting a Small sized Zoid stats are increased by 25% | D66: Small | E66: =+25% -> 0.25
A67: Medium Expert | B67: When piloting a Medium sized Zoid stats are increased by 10% | D67: Medium | E67: 0.1
A68: Medium Expert 2 | B68: When piloting a Medium sized Zoid stats are increased by 15% | D68: Medium | E68: 0.15
A69: Medium Expert 3 | B69: When piloting a Medium sized Zoid stats are increased by 20% | D69: Medium | E69: 0.2
A70: Medium Expert 4 | B70: When piloting a Medium sized Zoid stats are increased by 25% | D70: Medium | E70: 0.25
A71: Medium Under Expert | B71: When piloting a Medium or Small sized Zoid stats are increased by 10% | D71: Medium, Small | E71: =+10% -> 0.1
A72: Medium Under Expert 2 | B72: When piloting a Medium or Small sized Zoid stats are increased by 15% | D72: Medium, Small | E72: =+15% -> 0.15
A73: Medium Under Expert 3 | B73: When piloting a Medium or Small sized Zoid stats are increased by 20% | D73: Medium, Small | E73: =+20% -> 0.2
A74: Medium Under Expert 4 | B74: When piloting a Medium or Small sized Zoid stats are increased by 25% | D74: Medium, Small | E74: =+25 -> 25
A75: Large Expert | B75: When piloting a Large sized Zoid stats are increased by 10% | D75: Large | E75: =+10% -> 0.1
A76: Large Expert 2 | B76: When piloting a Large sized Zoid stats are increased by 15% | D76: Large | E76: =+15% -> 0.15
A77: Large Expert 3 | B77: When piloting a Large sized Zoid stats are increased by 20% | D77: Large | E77: =+20% -> 0.2
A78: Large Expert 4 | B78: When piloting a Large sized Zoid stats are increased by 25% | D78: Large | E78: =+25% -> 0.25
A79: Large Large Expert | B79: When piloting a Large Large sized Zoid stats are increased by 10% | D79: Large Large | E79: =+10% -> 0.1
A80: Large Large Expert 2 | B80: When piloting a Large Large sized Zoid stats are increased by 15% | D80: Large Large | E80: =+15% -> 0.15
A81: Large Large Expert 3 | B81: When piloting a Large Large sized Zoid stats are increased by 20% | D81: Large Large | E81: =+20% -> 0.2
A82: Large Large Expert 4 | B82: When piloting a Large Large sized Zoid stats are increased by 25% | D82: Large Large | E82: =+25% -> 0.25
A83: Large Large Over Expert | B83: When piloting a Large Large or Extra Large sized Zoid stats are increased by 10% | D83: Large Large, Extra Large | E83: =+10% -> 0.1
A84: Large Large Over Expert 2 | B84: When piloting a Large Large or Extra Large sized Zoid stats are increased by 15% | D84: Large Large, Extra Large | E84: =+15% -> 0.15
A85: Large Large Over Expert 3 | B85: When piloting a Large Large or Extra Large sized Zoid stats are increased by 20% | D85: Large Large, Extra Large | E85: =+20% -> 0.2
A86: Large Large Over Expert 4 | B86: When piloting a Large Large or Extra Large sized Zoid stats are increased by 25% | D86: Large Large, Extra Large | E86: =+25% -> 0.25
A87: Extra Large Expert | B87: When piloting a Extra Large sized Zoid stats are increased by 10% | D87: Extra Large | E87: =+10% -> 0.1
A88: Extra Large Expert 2 | B88: When piloting a Extra Large sized Zoid stats are increased by 15% | D88: Extra Large | E88: =+15% -> 0.15
A89: Extra Large Expert 3 | B89: When piloting a Extra Large sized Zoid stats are increased by 20% | D89: Extra Large | E89: =+20% -> 0.2
A90: Extra Large Expert 4 | B90: When piloting a Extra Large sized Zoid stats are increased by 25% | D90: Extra Large | E90: =+25% -> 0.25
A91: Melee Multi Attack | B91: Gain an extra melee attack per turn
A92: Melee Multi Attack 2 | B92: Gain a second extra melee attack per turn
A93: Melee Multi Attack 3 | B93: Gain a third extra melee attack per turn
A94: Melee Multi Attack 4 | B94: Gain a fourth extra melee attack per turn
A95: Ranged Multi Attack 1 | B95: Gain an extra ranged attack per turn.
A96: Ranged Multi Attack 2 | B96: Gain a second extra ranged attack per turn.
A97: Ranged Multi Attack 3 | B97: Gain a third extra ranged attack per turn.
A98: Ranged Multi Attack 4 | B98: Gain a fourth ranged attack roll per turn.
A99: Laser Expert 1 | B99: Weapons that deal energy damage gain 1 to Hit. | G99: 1 | N99: Energy
A100: Laser Expert 2 | B100: Weapons that deal energy damage gain 2 to Hit. | G100: 2 | N100: Energy
...

Sheet Zoid_Gifs
A1: Zoid Name | B1: Weapon 1 | C1: Weapon 2 | D1: Weapon 3 | E1: Weapon 4 | F1: Column 6
A2: Zaber Fang Old | B2: https://drive.google.com/file/d/1QrN6lz-o5Xx2XJOgrZTd3B-jem0QrbCz/view?usp=share_link | C2: https://drive.google.com/uc?export=download&id=13c24a5tDeEg-ObhsFlmvy-h1VN51NjSv/view?usp=share_link | D2: https://drive.google.com/uc?export=download&id=1tvOAxEw91h9hxzNDV8JR0VG1AJqVDkg1/view?usp=share_link
A3: Zaber Fang | B3: https://drive.google.com/file/d/1k-TU45pqMtSH5ygfl7uhTfuf2hNukZff/view?usp=drivesdk | C3: https://drive.google.com/file/d/1SvBDxgk8ay1U47Mw-sPVqoUpi2m3Qahc/view?usp=drivesdk
A4: Zaber Fang RS | B4: https://drive.google.com/file/d/1lW8MTdiQhEp5LitMhNnkbz6oXNEArdMW/view?usp=drivesdk | C4: https://drive.google.com/file/d/1TppAGrn2xfcwXCgAFq0IRUJ8XFqR1-f2/view?usp=drivesdk
A5: Zaber Fang SS | B5: https://drive.google.com/file/d/1wFcuLUdGNkUj6jMfnixDV6RMyoaHMtca/view?usp=drivesdk | C5: https://drive.google.com/file/d/1DZKF-SDMY1WPKQP0QztF6N4Uh17KDND0/view?usp=drivesdk | D5: https://drive.google.com/file/d/1oKAe5ka2ADpyjwKBipbR-t8rNZaXQC7h/view?usp=drivesdk
A6: Zaber Fang AT | B6: https://drive.google.com/file/d/1tcHgaUjAbU-2U5TrJHyhvjNfZ492sdlq/view?usp=drivesdk | C6: https://drive.google.com/file/d/1uxFPh0xQbXifYLJbPUpAAeVVcTj-pwKm/view?usp=drivesdk
A7: Zaber Fang TS | B7: https://drive.google.com/file/d/1uioRgNFGcWec2mvrJNMlhZlJTh27LSWL/view?usp=drivesdk | C7: https://drive.google.com/file/d/1S0SRdd1nLOML7XGHLOodwLTBiHi4gDbT/view?usp=drivesdk
A8: Proto Zaber | B8: https://drive.google.com/file/d/19ilYTc29augEbKfqmzBtYZARKXV6hkWl/view?usp=drivesdk | C8: https://drive.google.com/file/d/1sdlBHGKRTuvS1-YEcnwWYYoiQo3HuwM6/view?usp=drivesdk | D8: https://drive.google.com/file/d/1ox12N7dm5dUhS1_SmLrf1KANseuukvhW/view?usp=drivesdk
A9: Diablo Tiger | B9: https://drive.google.com/file/d/17jdYVIarwwF0d8q3tEyWQpAgAkvytZ_a/view?usp=drivesdk | D9: https://drive.google.com/file/d/1hA97sEweXhraCvBuE2J3dICEEXVl30XU/view?usp=drivesdk
A10: Blitz Tiger | C10: https://drive.google.com/file/d/1jEp2zXb_YzPLdOKuGec7FhQdBVl7laSU/view?usp=drivesdk | D10: https://drive.google.com/file/d/1O1cVYbN5lQ8m4xhTvgDKb0BcAzEkAW7R/view?usp=drivesdk
A11: Atak Kat | B11: https://drive.google.com/file/d/1n-zh1qT-S-nDbYcomILOdsFBvc2CPboI/view?usp=drivesdk | C11: https://drive.google.com/file/d/1cuau5jsQxdH3LtOOSbSVF8fXjjANj64Y/view?usp=drivesdk
A12: Lightning Saix | B12: https://drive.google.com/file/d/1VZkiG9Arb0JF6dULx9VQfd77m07ifO_m/view?usp=drivesdk
A13: Lightning Saix BS | B13: https://drive.google.com/file/d/1_5E9T0CvYsY8tijxg3a_Gmzhsn8F1s0A/view?usp=drivesdk
A14: Gun Tiger | C14: https://drive.google.com/file/d/1je_3Rr2-yuJmbDOkj_uXXd_7B7a4cH_4/view?usp=drivesdk | D14: https://drive.google.com/file/d/1XZOBiT5JlZzXHlh97xfSt8rPHUBbR-VP/view?usp=drivesdk
A15: Liger Zero | B15: https://drive.google.com/file/d/1thGqmGr8AZUiEZRXo6gtDGlOQ4du-pKT/view?usp=drivesdk | C15: https://drive.google.com/file/d/1dNYTrlbQf5KRi81hX8f5dTVztiXO224x/view?usp=drivesdk
A16: Zero Schneider (CAU) | B16: https://drive.google.com/file/d/1nnNkctkioZEIAGXPC-fn4x5GaPST0XAc/view?usp=drivesdk | C16: https://drive.google.com/file/d/1nv8EuxmqcUACDPkE6aitRUxIz7b9ALPO/view?usp=drivesdk | D16: https://drive.google.com/file/d/1V3b8G8qFWKG2ceiur8GrK9sd4F5hg0Hu/view?usp=drivesdk | E16: https://drive.google.com/file/d/1E9eMuwcNcB0iWcJRcXetq_VGfA2YaylU/view?usp=drivesdk
A17: Zero Jeager (CAU) | B17: https://drive.google.com/file/d/1Mh9lJtSrC7ZIQ2gtro2hVATxILhOTRzv/view?usp=drivesdk | C17: https://drive.google.com/file/d/1OW3Tb93BHefGWNjr-tXazwM_kFFJ7zKs/view?usp=drivesdk | D17: https://drive.google.com/file/d/1wldV89ToEfjZ6x_afOzEtmn04-4OTudE/view?usp=drivesdk
A18: Zero Panzer (CAU) | B18: https://drive.google.com/file/d/13juxmC5kpzNTGpNG4uOUMYIiTOEoWrqY/view?usp=drivesdk | C18: https://drive.google.com/file/d/1aXRB9jEmOILRVEj6Z4MVyjjzXEdwOXYJ/view?usp=drivesdk | D18: https://drive.google.com/file/d/1EZtpJJYjguAxO5zCM1gnzdLa0s2bA4RW/view?usp=drivesdk
A19: Zero Empire (CAU) | B19: https://drive.google.com/file/d/1N6E19l-TOh-unr5BVKISu5RESzI3lRHu/view?usp=drivesdk | C19: https://drive.google.com/file/d/1N6E19l-TOh-unr5BVKISu5RESzI3lRHu/view?usp=drivesdk
A20: Zero X (CAU) | B20: https://drive.google.com/file/d/1nk-3JllEgJCllNlG6jTZXE18uyBxklef/view?usp=drivesdk | C20: https://drive.google.com/file/d/1tIhbXbQh8PfHUJcTAgGDqOAIQCa_Fmuv/view?usp=drivesdk | D20: https://drive.google.com/file/d/1WIeloR2eCxxEGpLqXZ0xIK-BdX2Luugb/view?usp=drivesdk
A21: Trinity Liger | B21: https://drive.google.com/file/d/1U9rrm9MxP6OOXcxqiCP7gQkO2enHF8h0/view?usp=drivesdk | C21: https://drive.google.com/file/d/13MCUPlWHhWyY6kwCRpYVcAM-Qh5R-zbF/view?usp=drivesdk
A22: Trinity Liger BA | B22: https://drive.google.com/file/d/1KseVrr0h6uXfsvle6HOxYexwj7OprQni/view?usp=drivesdk | C22: https://drive.google.com/file/d/1QGZt2EWlrvOfk1_dSohR1rDr6utVlHgE/view?usp=drivesdk | D22: https://drive.google.com/file/d/15ugDQ57k-mdfIuaKR0p_9QwBO2MGFf7J/view?usp=drivesdk
A23: Shield Liger | B23: https://drive.google.com/file/d/1k6YqsdVo06Rg9ZMdHrIg7DDLQxx7Sjyk/view?usp=drivesdk | C23: https://drive.google.com/file/d/1qV9xJDx_gIVJCeol2TL_GGYVQ8BpGUcF/view?usp=drivesdk
A24: Shield Liger DCS | B24: https://drive.google.com/file/d/1Ew9VJcH7YhSoOmFlVc_g-mNT7fCGxRDD/view?usp=drivesdk | C24: https://drive.google.com/file/d/18pckpNHd6QGYYzLIfA7e9n3bnZy2qi0d/view?usp=drivesdk | D24: https://drive.google.com/file/d/1FfV6VfAC3-CSeg4P4KMAfv9Qj9NcZLfZ/view?usp=drivesdk
A25: Shield Liger DCS-J | B25: https://drive.google.com/file/d/1pywsT9JzdBKhHJH-f3CeCOLkthOEsH5M/view?usp=drivesdk | C25: https://drive.google.com/file/d/1pec7UUfXR0zVoa668XC4OiT87SWFrQQF/view?usp=drivesdk | D25: https://drive.google.com/file/d/1pPOQR4E8AggoxWBHwnBY-jWGnPGdYRxO/view?usp=drivesdk
A26: Spark Liger | B26: https://drive.google.com/file/d/1A_mXB_14SwixmxLozQJiYnGbKOR0Rc5l/view?usp=drivesdk | D26: https://drive.google.com/file/d/1ibFXRUI3-CEfwb2lzcwGvrthPDLBZC8i/view?usp=drivesdk
A27: Blade Liger | B27: https://drive.google.com/file/d/1IF_5ROY34Wn-K0vzj26QthvrQjbjfpUY/view?usp=drivesdk | C27: https://drive.google.com/file/d/1b1XF4sC1EqxbNA85tPWLAyDe-E_i3JDl/view?usp=drivesdk | D27: https://drive.google.com/file/d/1jFzox85L96LMJbLbgM16OZBeq8H_863t/view?usp=drivesdk
A28: Blade Liger AB | B28: https://drive.google.com/file/d/1hvRm3jAGLWwObeHd7EUOp0-hRDB3Q8bZ/view?usp=drivesdk | C28: https://drive.google.com/file/d/149U8PKO6HQqStBr0o7rjvElceP3s8WJS/view?usp=drivesdk | D28: https://drive.google.com/file/d/1RwkHj-TcMs92vD-TgeHIEcwQ96bf46t4/view?usp=drivesdk
A29: Liger Aero | B29: https://drive.google.com/file/d/18fXUxRFjWSqahP2o4AO1y5vy-9D_GFFQ/view?usp=drivesdk | C29: https://drive.google.com/file/d/1-Vk93iQhNEN67sM8TO3FF_8tpXWdQC_0/view?usp=drivesdk
A30: Saberlion | C30: https://drive.google.com/file/d/1sWEQe9LnSEPQmeAW0vsGMr3cyDpGzKUF/view?usp=drivesdk | D30: https://drive.google.com/file/d/1R3OqiKWgOPvPCqmY68JVNghVGQTZQLQu/view?usp=drivesdk
A31: Command Wolf | B31: https://drive.google.com/file/d/1GbtAZIfUAj-rse2O9c1_s4AJ3E8YpLv8/view?usp=drivesdk
A32: Command Wolf Town | B32: https://drive.google.com/file/d/134QDsPIWoLs-2hfdLtaNiZYgJSE4C_Cj/view?usp=drivesdk | C32: https://drive.google.com/file/d/18W1rczceokzR6lP1q5uy_JVQKSTpStm3/view?usp=drivesdk
A33: Command Wolf AC | B33: https://drive.google.com/file/d/1J9NjudDxArBSxO1L_n_70M7rXtZv42a9/view?usp=drivesdk | C33: https://drive.google.com/file/d/1EFKrxJN-UTTfojH_OGZIZ-BgO2qgaCop/view?usp=drivesdk
A34: Command Wolf IS | B34: https://drive.google.com/file/d/1x3S2JpIuKa0Cf9XzWibc_o5RVl0LHy86/view?usp=drivesdk
A35: Cerberus | B35: https://drive.google.com/file/d/1-2EN-9wC9bAER2mz8VtgvoZc5mvTkzTU/view?usp=drivesdk | C35: https://drive.google.com/file/d/1I4saM3tqiApetf66nUIdWZLVZg_qMeLg/view?usp=drivesdk | D35: https://drive.google.com/file/d/11VJScdHuaVmqFM0JDW0IZdh9ydObOAG8/view?usp=drivesdk
A36: Climber Wolf | B36: https://drive.google.com/file/d/1AhcdShNgjAUi4wHPf2N_OI4EO0MbThXN/view?usp=drivesdk
A37: Shadow Fox | B37: https://drive.google.com/file/d/1etZRLNcKze1CJoxY64H58K0ntwMHFhO7/view?usp=drivesdk | D37: https://drive.google.com/file/d/1NOE74-A5G1JLoL1R7DplEXN-zeNdRjeV/view?usp=drivesdk
A38: Konig Wolf | C38: https://drive.google.com/file/d/1WO5nvs4RzVH5MwGTqr97hMxcGS9nhVIT/view?usp=drivesdk
A39: Konig Wold DSR | C39: https://drive.google.com/file/d/1Pn_ywIBNADcg6diwR6kVPxbUCUfabheX/view?usp=drivesdk | D39: https://drive.google.com/file/d/1p2zIJb7xwvGa9ge2mIQbdpDbX-KVwA9B/view?usp=drivesdk
A40: Iron Kong | B40: https://drive.google.com/file/d/1WgqdynhhtTPj7PmBm3c8h3qbM6LmP2KU/view?usp=drivesdk | C40: https://drive.google.com/file/d/1baRlyZa_ZuHGn-ccQya3TAg-eBB9NyQs/view?usp=drivesdk
A41: Iron Kong PK | B41: https://drive.google.com/file/d/1iJ_i9zBsTxYBi88ItWlMZmVWnrYVXUBY/view?usp=drivesdk | C41: https://drive.google.com/file/d/1SoiXFpTN6-8tccuLF9kvJ3s43mrnwtxx/view?usp=drivesdk | D41: https://drive.google.com/file/d/16nFk0YYSuZs4S2fABA-jrKZ1ZB5oR9zU/view?usp=drivesdk
A42: Iron Kong Maneuver | B42: https://drive.google.com/file/d/1qZPpjJNJL9nbZYgW64Dfczbo2OJN1ztL/view?usp=drivesdk | C42: https://drive.google.com/file/d/1nP6urTTtsDoRJmrmNd8OR5OILqLm4iu7/view?usp=drivesdk
A43: Iron Kong SS | B43: https://drive.google.com/file/d/1qO79LjhRYUBlirTAkoNBVLGWZqWrIVfS/view?usp=drivesdk | C43: https://drive.google.com/file/d/1fRyoTzTJfAT3QKBLlNVjyGqe4GTzSrrH/view?usp=drivesdk | D43: https://drive.google.com/file/d/1DnNkP8NSgh0XwvEiSpUUPPY4xVOQhUBE/view?usp=drivesdk
A44: Iron Drill | B44: https://drive.google.com/file/d/1rCTfB885tMkM5aUsNB_hraGb78c5LguR/view?usp=drivesdk
A45: Hammer Rock | B45: https://drive.google.com/file/d/1Ndr4FMkZ4ugcYoTVAfRffXoCHhyQwR--/view?usp=drivesdk | C45: https://drive.google.com/file/d/1DOTl7j9YMqgkepcDQKP31PkNtdM0Z_72/view?usp=drivesdk
A46: Dibison | B46: https://drive.google.com/file/d/1TpimND2uQy9mDlGMFzWTiHSc36I2_eDD/view?usp=drivesdk | C46: https://drive.google.com/file/d/1SVaSdhlek95si3SNkbC0yf1Es2Md9gdt/view?usp=drivesdk | D46: https://drive.google.com/file/d/1x0WYuk-FtWeV5aGduDtm6tEEBuc0etEf/view?usp=drivesdk
A47: Gravity Bison | B47: https://drive.google.com/file/d/14pH0i76OMG27QldeSHwUHl0mALDOxEtF/view?usp=drivesdk | C47: https://drive.google.com/file/d/1hXHoab_CiSaMQcDnMFWLTcHf414Iz0z0/view?usp=drivesdk | D47: https://drive.google.com/file/d/1TPYWT-IsGzT80SguI17LYkwO1ijO6nmS/view?usp=drivesdk
A48: Black Rhimos | B48: https://drive.google.com/file/d/1_56TlC1_k0X6j78Y73v6p8_GE6YgU7qE/view?usp=drivesdk | C48: https://drive.google.com/file/d/1gcbm53nR9pRy0-mlJMfvYldFWYbj8oIf/view?usp=drivesdk
A49: Cyclops | B49: https://drive.google.com/file/d/114XjLk66Q9wfz2pG-ZO-G6nF32dRr80i/view?usp=drivesdk | C49: https://drive.google.com/file/d/1minHmtv-pqchY776BGYFuZ1u5dl488_N/view?usp=drivesdk
A50: Cyclops 2 | B50: https://drive.google.com/file/d/1oiytq41TP-CqqDeepZF3DNcjb61QWMu1/view?usp=drivesdk | C50: https://drive.google.com/file/d/1mIArZdopx0Ao-riG63EDql7T1w5wPyIj/view?usp=drivesdk
A51: Elephander | B51: https://drive.google.com/file/d/15RaoUxEh72gVmchZ8-kOOQwD0fbN8xx9/view?usp=drivesdk | C51: https://drive.google.com/file/d/1-fdHZxXrEao5v_Q7NVFHVUSB-WmeQqm1/view?usp=drivesdk | D51: https://drive.google.com/file/d/1iFSP3pXTLAgJ81N_YXikMek8lu7fgmLo/view?usp=drivesdk
A52: Elephander AG | B52: https://drive.google.com/file/d/1SDe2RrEHEU7aDioxH6vrW4vK163L9Dmr/view?usp=drivesdk | C52: https://drive.google.com/file/d/1LPkGBa9UkYu6mIBSp8IG8AHEmIAy39ng/view?usp=drivesdk | D52: https://drive.google.com/file/d/1hBU-ZeuenVgsjcpG4VpaeTthSJqPxd3i/view?usp=drivesdk
A53: Geno Saurer | B53: https://drive.google.com/file/d/131ilY0ks-1GSO_MV_G3pzDdKQl1fKE5p/view?usp=drivesdk | C53: https://drive.google.com/file/d/1FVPCdYNeel0sV35pLWYX-YS0hlCVvdCx/view?usp=drivesdk | D53: https://drive.google.com/file/d/1LvktxFkpJveooeSrK6ax4B7xdSz98wtz/view?usp=drivesdk
A54: Psycho Geno Saurer | B54: https://drive.google.com/file/d/1Sycoy7Evx7aE844H-d0042BHiFVsUxAL/view?usp=drivesdk | C54: https://drive.google.com/file/d/1Ik_rFCKXUtoflY08f3idqwemmJDOmlA3/view?usp=drivesdk | D54: https://drive.google.com/file/d/1P7HK-fd5nUMLkDlmfMH7BwvmrxSSYMri/view?usp=drivesdk
A55: Geno Breaker | C55: https://drive.google.com/file/d/1lP4KRbPbRONORrKQQFPA68MAGbevI5oX/view?usp=drivesdk
A56: Proto Breaker | C56: https://drive.google.com/file/d/18dYGClZDol626bpinJRD3_0q05GryHIR/view?usp=drivesdk | D56: https://drive.google.com/file/d/1zsvJanF4AjBqchgbGmgsXyohRfaJb-Mh/view?usp=drivesdk
A57: Geno Scissors | C57: https://drive.google.com/file/d/10L7pabioyasiQJuz7eygzhAbEjT7WDZr/view?usp=drivesdk | D57: https://drive.google.com/file/d/1NLLMkw3l6EsJtuvTocr83s4yjMRmTDiq/view?usp=drivesdk
A58: Geno Trooper | B58: https://drive.google.com/file/d/1ZkG68LcyZUphGE1CSD5PgCEjwAWKhkYH/view?usp=drivesdk | C58: https://drive.google.com/file/d/1_zAdTyrp0wNB_i7qEGca5ttA_1Ncl8il/view?usp=drivesdk | D58: https://drive.google.com/file/d/1THg1i0rAPBFgaBFTPXz8qUJl1V5hzSP1/view?usp=drivesdk
A59: Geno Flame | B59: https://drive.google.com/file/d/1xuRxc9K4x1N70I1TfgSqu7Pl7J8sgHV6/view?usp=drivesdk | C59: https://drive.google.com/file/d/1_2qksVamKWm1KOhRsWciHSZLBsYe7R4d/view?usp=drivesdk | D59: https://drive.google.com/file/d/1fD_y-Apnz3cX02Kmtvbw9vuOmH4CIhUu/view?usp=drivesdk
A60: Berserk Fury | C60: https://drive.google.com/file/d/1-cEHy5aMtd29ZZX6HK70TRysq2hTJ4nq/view?usp=drivesdk | D60: https://drive.google.com/file/d/12YRgWopdVgJNLxceh7PQ8kPfzmFoe7Pv/view?usp=drivesdk
A61: Strum Fury (CAU) | C61: https://drive.google.com/file/d/1zMhHY3NBnaXhzJl4NJPoh4-WShez1LgR/view?usp=drivesdk
A62: Jagd Fury (CAU) | B62: https://drive.google.com/file/d/1ydid8uc_m9mev1uY3XQfG7wKZEn_1hxJ/view?usp=drivesdk | C62: https://drive.google.com/file/d/16KAVOVFpe61v6_Ejy1pZwD41buqZRFZr/view?usp=drivesdk | D62: https://drive.google.com/file/d/1dZszPmsvtRz4UdydQq0u1BEWWaKK87BI/view?usp=drivesdk
A63: Berserk Fury Z (CAU) | B63: https://drive.google.com/file/d/1gd-3NI5CuRr-KW0Ye3zl2h3caQLU7dwB/view?usp=drivesdk | C63: https://drive.google.com/file/d/1BcbinglG_xCnmIwwd_HoXfPaqwtoidmo/view?usp=drivesdk
A64: Geno Hydra | B64: https://drive.google.com/file/d/18M1NDDUbscyItRGjsTgswByJY3umF66J/view?usp=drivesdk | C64: https://drive.google.com/file/d/1vlNfcxq8f57GxgpNnSNuTt5eDaHltZ4p/view?usp=drivesdk | D64: https://drive.google.com/file/d/1kYGAZA56bBtMXPo91CAKuT_RPcrPp2kD/view?usp=drivesdk
A65: Geno Hydra KA | B65: https://drive.google.com/file/d/190acxam4v3XakVXfkxYjxQ30bgZJe76E/view?usp=drivesdk | C65: https://drive.google.com/file/d/1WtdE6vQ4zEyferYnLUSYnXe88LmkefT0/view?usp=drivesdk
A66: Dark Spiner | B66: https://drive.google.com/file/d/1DTgGYHb6O80U_l6djFffIOt5jhrrWcJ4/view?usp=drivesdk | C66: https://drive.google.com/file/d/1JvzxaNfADMOfWRZ94_xPnMxDg3PvVDra/view?usp=drivesdk | D66: https://drive.google.com/file/d/1iuF0lX1zsHpVSc_Q3D4NCM42p3kbJk2j/view?usp=drivesdk
A67: Killer Spiner | B67: https://drive.google.com/file/d/1Apm4OzUQZim4Sxu3gjgOtl8i3auxapIM/view?usp=drivesdk | C67: https://drive.google.com/file/d/13ozTCtjOm8lSnLRqCADaa7hSRsz_Pyv-/view?usp=drivesdk
A68: Gun Sniper | B68: https://drive.google.com/file/d/1EQnBVaqsEdBXuhmHHLt_v5dtXSBQzr3N/view?usp=drivesdk | C68: https://drive.google.com/file/d/1wNa6-WQCkyjd4oUnsSawMnAQpoU80gB4/view?usp=drivesdk | D68: https://drive.google.com/file/d/1hzJ6SiLN5VC6vdrs8bHV_Rqycmnkv3qq/view?usp=drivesdk
A69: Gun Sniper Weasel | B69: https://drive.google.com/file/d/1jwzD7Abd0V7u2QIbpeNwqPVWnEdPXw4r/view?usp=drivesdk | C69: https://drive.google.com/file/d/1TOZJOr_ZIRnuHwpSxVMp0wweDZ_-tOoT/view?usp=drivesdk | D69: https://drive.google.com/file/d/1A9fc5Nc_lUI2YJ_THUX9C7IrdyHgL4yA/view?usp=drivesdk
A70: Gun sniper LS | B70: https://drive.google.com/file/d/114369NxJvIcWbyAsIdDP3MU222VljtLn/view?usp=drivesdk | C70: https://drive.google.com/file/d/1f30b_OgEBCx9piIEovtiRvWEIQZkSj2-/view?usp=drivesdk | D70: https://drive.google.com/file/d/1HKC-ulD6_LxdLVgQXNdsPnkEU3EGUKxq/view?usp=drivesdk
A71: Gun Sniper NS | B71: https://drive.google.com/file/d/1UIFHIAL-UZwiUjBMJMtEmAtVw3GSvC-d/view?usp=drivesdk | C71: https://drive.google.com/file/d/1TAvzcwmN6htkkr2l4LRRWY0z5d4HVx9B/view?usp=drivesdk | D71: https://drive.google.com/file/d/1io1sy6UGc7CtyPxl4enV6wf1yjlCRqJR/view?usp=drivesdk
A72: Snipe Master | C72: https://drive.google.com/file/d/1r-93akuv9vwAFfGJpNR3cpFIo50-4M8N/view?usp=drivesdk
A73: Snipe Master FB | B73: https://drive.google.com/file/d/1WCNtrd4YENMEYY7626QdRgoy2UW7-wDu/view?usp=drivesdk | C73: https://drive.google.com/file/d/16xxs8nK2mIRw1yGgocAVlxwg_ILqO73f/view?usp=drivesdk | D73: https://drive.google.com/file/d/1FJMSJjGTW8qKMgFTuVaOKQ2_F4vhAfLP/view?usp=drivesdk
A74: Snipe Master AS | C74: https://drive.google.com/file/d/1PMW6VrXZBJ84C1L_3LwxB0L9zqA4IKFR/view?usp=drivesdk | D74: https://drive.google.com/file/d/13ojYTABxyyD06qPzyRawS5smz6oXe8ar/view?usp=drivesdk
A75: Rev Raptor
A76: Rev Raptor Pile Bunker
A77: Rev Hunter
A78: Hellrunner | B78: https://drive.google.com/file/d/1angbOrSYr1vdfD1Xg69gq2ixlrQ_aRSq/view?usp=drivesdk
A79: Ultra Saurus | B79: https://drive.google.com/file/d/1P4G_inFceyks9hIGkSMyz4Jk3lw-5Oyb/view?usp=drivesdk | C79: https://drive.google.com/file/d/1rhkVJfD7ImcK7pJ3_WOCZGydoYoIUDBY/view?usp=drivesdk
A80: Ultra Phalanx | B80: https://drive.google.com/file/d/1GpVbmOi-dC9fOQNtFQmtRqrinOWOMj-Q/view?usp=drivesdk | C80: https://drive.google.com/file/d/1kQvPQIfUjzuXHViBVtUTBWGLbhMfeKRH/view?usp=drivesdk | D80: https://drive.google.com/file/d/1MReAf350MsnsW3GS8ZjjZkJlhFeFrT1R/view?usp=drivesdk
A81: Gordos | B81: https://drive.google.com/file/d/1MReAf350MsnsW3GS8ZjjZkJlhFeFrT1R/view?usp=drivesdk | C81: https://drive.google.com/file/d/1xLvf3H7-nQC7Jy2ZwkGfxhaP06J35euX/view?usp=drivesdk
A82: Gordos LR | B82: https://drive.google.com/file/d/1y-ZMU9ItBELhsdrioKSPww2JRxOSQfls/view?usp=drivesdk | C82: https://drive.google.com/file/d/1p5xPLf89pBvsumnMxtff2e1swcdjbdmg/view?usp=drivesdk
A83: Red Horn | B83: https://drive.google.com/file/d/1qwBtZ68CvWqbI9jeDiQ8N9f428uBsQ5g/view?usp=drivesdk | C83: https://drive.google.com/file/d/1B3-K8kXdyDFHtpGfbt1Y2xjV5LMpEa9s/view?usp=drivesdk | D83: https://drive.google.com/file/d/1g3F1W7c-eumB2clQ5Q5WsrJZYgUQ4hYv/view?usp=drivesdk
A84: Red Horn BG | B84: https://drive.google.com/file/d/193tEiNNC6TE_eCMHZd4yqyAvWMl7L55Z/view?usp=drivesdk | C84: https://drive.google.com/file/d/19yPXbxKIPqKf7S_ojKjdNsPy9OFbMh5R/view?usp=drivesdk | D84: https://drive.google.com/file/d/18BSXij7jEU8GC2LWGD-SDMJgAZbAymgq/view?usp=drivesdk
A85: Dark Horn | B85: https://drive.google.com/file/d/1Ob_k-GOuDoaxAmuDl49k03pjearlhXBf/view?usp=drivesdk | C85: https://drive.google.com/file/d/1utgpndm3ddlLgmfYChFBb9B8X6Rb4W73/view?usp=drivesdk | D85: https://drive.google.com/file/d/1IUz9NJ7Y85Oogv8g5BOtmjEMFVPuFsEE/view?usp=drivesdk
A86: Dark Horn HS | B86: https://drive.google.com/file/d/1xMWZ4qFey8sJRsgdZhZHwbrJFAqCdstR/view?usp=drivesdk | C86: https://drive.google.com/file/d/1l8sexu4Y0AiCQ-w6D9FCU8IJwIhsQQxi/view?usp=drivesdk | D86: https://drive.google.com/file/d/1fYCDARX81PeHSDFmFlkWfTFF8kzgffMM/view?usp=drivesdk
A87: Mad Thunder | B87: https://drive.google.com/file/d/1123eO59N0ehmONuOdKPWUg7U5PW5GX4l/view?usp=drivesdk | C87: https://drive.google.com/file/d/1mn3yoyeEPj94xw5HdxCvm-ajANh8YxOb/view?usp=drivesdk
A88: Gun Blaster | B88: https://drive.google.com/file/d/15-SaOBW4MkI7KzAjA6JgCoP_Vv16ZEKe/view?usp=drivesdk | D88: https://drive.google.com/file/d/1n-5K6zOMN5GL9L4sVTwk4wXEyvpjPrOt/view?usp=drivesdk
A89: Brachios | B89: https://drive.google.com/file/d/1yd4QqwJz2cLzW9iHIV1q4LAya38IRR-M/view?usp=drivesdk
A90: Gilvader | B90: https://drive.google.com/file/d/1ledJG0gJFmOhCcHz8T4z83Rj-yyPWT2U/view?usp=drivesdk | C90: https://drive.google.com/file/d/1sERMcHs9cXKdOPsaqmLVTFCQoPFOjWkj/view?usp=drivesdk | D90: https://drive.google.com/file/d/1gbnGTzELfqSieeJWjELdR2lDpBcrcilJ/view?usp=drivesdk
A91: Gojulas | C91: https://drive.google.com/file/d/1DXPfe0vkfrcSENqLkowylS0h6xrYpcu4/view?usp=drivesdk
A92: Gojulas the Ogre | C92: https://drive.google.com/file/d/1_8tMBg9nTrzL6V5PvMcXje-xNh9n5Uqo/view?usp=drivesdk | D92: https://drive.google.com/file/d/1fm9p3W5oOTLlXcc251-dg-gYyCLSelyk/view?usp=drivesdk
A93: Gojulas Gunner | C93: https://drive.google.com/file/d/1QU6MqMjBEkYea-VfYuZfZyYQR55-8n5n/view?usp=drivesdk | D93: https://drive.google.com/file/d/1-6qXYPGgv5Nwyy76hTNtIsatlwbxMg2t/view?usp=drivesdk
A94: Gojulas Giga | D94: https://drive.google.com/file/d/1tdRtCfqWLViYOaIA536XcjRPE7CzY9T0/view?usp=drivesdk
A95: Gojulas Giga Cannon | D95: https://drive.google.com/file/d/103wYWD83XWjSz9v-FBwAMfcaubSxpnlP/view?usp=drivesdk
A96: King Gojulas | B96: https://drive.google.com/file/d/19Az-NzjDn00gVsCLfFmZzUDhdFYgkmUS/view?usp=drivesdk
A97: Death Saurer | B97: https://drive.google.com/file/d/1cPGPH-4LufXfcPFF454gfw2y_87tDQ6G/view?usp=drivesdk | C97: https://drive.google.com/file/d/1oWoL3UDVewMgWGHK9qFns2ONCXrJaWgK/view?usp=drivesdk
A98: Bloody Demon | B98: https://drive.google.com/file/d/11W58cw1fMM7u-pGbt90gD0-CD4wGDG1V/view?usp=drivesdk | C98: https://drive.google.com/file/d/1kSkDhRdeFs0cmlU_Dq2K0tRtGu7YYwde/view?usp=drivesdk
A99: Death Meteor | B99: https://drive.google.com/file/d/12l9POu6IdXDrt7hYTHsCwYhckFIM1ygo/view?usp=drivesdk
A100: Godos | B100: https://drive.google.com/file/d/1nblaaoybIpMsrOtZUMhBJ-KtfYpSbE6S/view?usp=drivesdk
...

Sheet Feats
A1: Column 1 | B1: Column 2
A2: Phalanx Fire | B2: When attacking an enemy Zoid with a ranged weapon, gain advantage on the attack roll if an ally has dealt damage to that enemy Zoid this round.
A3: Scrappy | B3: If there are no ally Zoids within 60m of you, while there are two or more enemy Zoids within 60m of you, gain advantage on all attack rolls you make.
A4: Mobile | B4: When you use your action to dash, you do not provoke attacks of opportunity for the rest of the round.
A5: Overtuned | B5: Your non-weapon Zoid Equipment lasts for twice the number of rounds.
A6: Pit Stop | B6: It only takes you half as many rounds to complete a CAS swap during combat.
A7: Deadshot | B7: You may forgo your movement on your turn to fire all ranged weapons at your maximum range without penalty.
A8: Demolitionist | B8: When you vent heat, you vent the heat of every weapon, rather than a single weapon.
A9: - - - - - - | B9: - - - - - -
